image_id,identity,confidence
3,LynxID2025_lynx_32,0.012513698
5,SeaTurtleID2022_t234,0.009770708
12,LynxID2025_lynx_95,0.015033208
13,SeaTurtleID2022_t004,0.009315922
18,LynxID2025_lynx_05,0.0152525185
19,LynxID2025_lynx_43,0.014009771
27,LynxID2025_lynx_45,0.01080394
33,LynxID2025_lynx_62,0.14403062
36,LynxID2025_lynx_49,0.01701717
45,LynxID2025_lynx_07,0.013098657
46,LynxID2025_lynx_74,0.019537028
47,LynxID2025_lynx_45,0.08456097
48,SeaTurtleID2022_t004,0.012877314
49,LynxID2025_lynx_45,0.070135854
55,LynxID2025_lynx_32,0.015535367
58,LynxID2025_lynx_87,0.027437335
61,LynxID2025_lynx_43,0.013307129
62,LynxID2025_lynx_93,0.016140306
63,LynxID2025_lynx_43,0.011498625
64,LynxID2025_lynx_45,0.07674636
65,LynxID2025_lynx_43,0.012359708
67,LynxID2025_lynx_49,0.038912185
68,LynxID2025_lynx_49,0.032379247
74,LynxID2025_lynx_43,0.06140465
81,LynxID2025_lynx_54,0.014500541
84,LynxID2025_lynx_05,0.015588792
85,LynxID2025_lynx_49,0.015666781
86,LynxID2025_lynx_62,0.022634847
89,LynxID2025_lynx_62,0.015725046
90,LynxID2025_lynx_87,0.013244329
94,LynxID2025_lynx_43,0.013584936
97,LynxID2025_lynx_62,0.014028994
98,LynxID2025_lynx_74,0.21422082
106,LynxID2025_lynx_45,0.019911144
113,LynxID2025_lynx_49,0.035314318
123,LynxID2025_lynx_62,0.2975824
124,LynxID2025_lynx_62,0.14395158
126,LynxID2025_lynx_62,0.04256555
131,SeaTurtleID2022_t004,0.011576604
137,LynxID2025_lynx_43,0.058149282
139,LynxID2025_lynx_32,0.016884634
145,LynxID2025_lynx_49,0.015687665
150,LynxID2025_lynx_31,0.011729435
163,LynxID2025_lynx_43,0.016804336
166,LynxID2025_lynx_87,0.022589209
167,LynxID2025_lynx_35,0.012931418
168,LynxID2025_lynx_31,0.021643164
171,SeaTurtleID2022_t004,0.00964122
173,LynxID2025_lynx_01,0.012080569
182,LynxID2025_lynx_49,0.010220948
183,LynxID2025_lynx_43,0.020670716
186,SeaTurtleID2022_t004,0.010537974
188,LynxID2025_lynx_34,0.014071648
190,SeaTurtleID2022_t004,0.010091406
192,LynxID2025_lynx_45,0.015790949
195,LynxID2025_lynx_29,0.018628085
202,LynxID2025_lynx_49,0.011788787
203,LynxID2025_lynx_45,0.067112654
205,LynxID2025_lynx_45,0.27397412
209,SeaTurtleID2022_t004,0.011710591
210,LynxID2025_lynx_43,0.0867538
213,LynxID2025_lynx_43,0.013027811
216,SeaTurtleID2022_t234,0.009722216
219,LynxID2025_lynx_62,0.039878637
221,LynxID2025_lynx_46,0.047216672
228,LynxID2025_lynx_05,0.015421063
231,LynxID2025_lynx_43,0.022639802
240,LynxID2025_lynx_45,0.04748211
242,LynxID2025_lynx_05,0.042413045
245,LynxID2025_lynx_43,0.02581742
264,LynxID2025_lynx_74,0.09842815
266,LynxID2025_lynx_07,0.0222376
273,LynxID2025_lynx_45,0.020710243
276,LynxID2025_lynx_46,0.03922174
280,LynxID2025_lynx_43,0.04266095
282,LynxID2025_lynx_62,0.049745478
286,SeaTurtleID2022_t373,0.009611099
289,LynxID2025_lynx_45,0.09010882
293,LynxID2025_lynx_62,0.3962311
294,LynxID2025_lynx_45,0.062375806
296,SeaTurtleID2022_t234,0.008429556
311,LynxID2025_lynx_49,0.026569836
312,LynxID2025_lynx_28,0.011076908
315,LynxID2025_lynx_25,0.046291705
338,LynxID2025_lynx_45,0.07494614
347,LynxID2025_lynx_01,0.018033013
357,LynxID2025_lynx_45,0.034749012
359,LynxID2025_lynx_43,0.03188984
361,LynxID2025_lynx_43,0.013974369
366,LynxID2025_lynx_46,0.025128406
368,LynxID2025_lynx_32,0.04487796
373,LynxID2025_lynx_49,0.02106263
375,LynxID2025_lynx_07,0.013175914
378,LynxID2025_lynx_43,0.016533094
380,LynxID2025_lynx_74,0.01174077
397,SeaTurtleID2022_t004,0.009087225
411,LynxID2025_lynx_05,0.025648642
415,LynxID2025_lynx_32,0.012833098
422,LynxID2025_lynx_49,0.035339516
423,LynxID2025_lynx_74,0.06732454
424,LynxID2025_lynx_43,0.012945554
427,LynxID2025_lynx_45,0.023009362
429,LynxID2025_lynx_45,0.0649785
431,LynxID2025_lynx_62,0.3213479
432,LynxID2025_lynx_65,0.012526537
437,SeaTurtleID2022_t234,0.008763908
439,LynxID2025_lynx_32,0.01625555
443,LynxID2025_lynx_29,0.018561145
454,SeaTurtleID2022_t234,0.015757643
459,LynxID2025_lynx_05,0.011021682
465,LynxID2025_lynx_05,0.029323362
469,LynxID2025_lynx_45,0.041111637
470,LynxID2025_lynx_43,0.014559697
474,LynxID2025_lynx_62,0.02017166
475,LynxID2025_lynx_43,0.025452547
478,LynxID2025_lynx_43,0.01740784
479,LynxID2025_lynx_05,0.013658634
480,SeaTurtleID2022_t004,0.009855877
481,LynxID2025_lynx_01,0.009923067
482,LynxID2025_lynx_45,0.012624291
491,LynxID2025_lynx_49,0.017742475
494,LynxID2025_lynx_45,0.05033304
500,LynxID2025_lynx_87,0.024798615
501,LynxID2025_lynx_49,0.033532985
507,LynxID2025_lynx_32,0.02556432
509,LynxID2025_lynx_62,0.028257173
512,LynxID2025_lynx_46,0.017360762
515,LynxID2025_lynx_28,0.028416034
516,LynxID2025_lynx_45,0.11222322
519,LynxID2025_lynx_45,0.02158941
520,LynxID2025_lynx_45,0.021866078
522,SeaTurtleID2022_t004,0.01272546
524,LynxID2025_lynx_54,0.020715114
526,LynxID2025_lynx_54,0.016563013
530,LynxID2025_lynx_43,0.027588762
537,LynxID2025_lynx_32,0.010548995
544,LynxID2025_lynx_43,0.020727681
547,LynxID2025_lynx_74,0.10474773
549,SeaTurtleID2022_t004,0.012109137
551,LynxID2025_lynx_87,0.024482328
552,LynxID2025_lynx_93,0.014480082
555,LynxID2025_lynx_05,0.0152435675
559,LynxID2025_lynx_45,0.05331804
562,LynxID2025_lynx_46,0.022158109
565,LynxID2025_lynx_45,0.029285746
567,SeaTurtleID2022_t234,0.01212965
569,SeaTurtleID2022_t004,0.0077617983
570,LynxID2025_lynx_62,0.124662094
573,LynxID2025_lynx_43,0.061544593
577,LynxID2025_lynx_74,0.0126323
578,SeaTurtleID2022_t004,0.010749547
579,LynxID2025_lynx_05,0.018450055
580,LynxID2025_lynx_43,0.012471878
583,LynxID2025_lynx_35,0.012823393
584,LynxID2025_lynx_45,0.0093804505
588,LynxID2025_lynx_32,0.011709552
589,LynxID2025_lynx_45,0.013017541
591,LynxID2025_lynx_45,0.048194423
592,LynxID2025_lynx_45,0.03334228
594,LynxID2025_lynx_62,0.01745438
595,LynxID2025_lynx_45,0.012165148
599,LynxID2025_lynx_49,0.02664017
602,LynxID2025_lynx_49,0.022310132
603,SeaTurtleID2022_t373,0.00900826
611,LynxID2025_lynx_45,0.12158471
620,LynxID2025_lynx_43,0.026099816
625,LynxID2025_lynx_43,0.021430962
626,SeaTurtleID2022_t004,0.014667299
628,LynxID2025_lynx_46,0.031508245
630,LynxID2025_lynx_74,0.02792369
636,LynxID2025_lynx_45,0.036351066
643,LynxID2025_lynx_74,0.020928193
645,SeaTurtleID2022_t234,0.010998959
648,LynxID2025_lynx_49,0.01825315
649,LynxID2025_lynx_95,0.015780741
651,LynxID2025_lynx_49,0.01865406
655,LynxID2025_lynx_43,0.015137687
656,SeaTurtleID2022_t004,0.012693344
662,LynxID2025_lynx_74,0.21690355
669,LynxID2025_lynx_43,0.03290183
670,SeaTurtleID2022_t234,0.0141388085
672,LynxID2025_lynx_77,0.018452697
673,LynxID2025_lynx_50,0.021454856
676,LynxID2025_lynx_74,0.14143437
678,LynxID2025_lynx_05,0.031526342
683,SeaTurtleID2022_t004,0.01475509
685,LynxID2025_lynx_74,0.33583653
690,LynxID2025_lynx_45,0.022911558
694,SeaTurtleID2022_t004,0.013190179
699,LynxID2025_lynx_43,0.016752155
704,LynxID2025_lynx_62,0.3563439
707,LynxID2025_lynx_46,0.020879956
711,LynxID2025_lynx_25,0.009224355
712,LynxID2025_lynx_43,0.041143555
713,LynxID2025_lynx_45,0.06067363
715,LynxID2025_lynx_45,0.01680797
719,LynxID2025_lynx_43,0.018156864
722,LynxID2025_lynx_05,0.0088473875
724,LynxID2025_lynx_29,0.0114379
726,LynxID2025_lynx_45,0.02726306
730,LynxID2025_lynx_45,0.024282616
734,LynxID2025_lynx_54,0.03328038
735,LynxID2025_lynx_77,0.024052607
738,LynxID2025_lynx_43,0.039668847
739,LynxID2025_lynx_49,0.0104207955
741,LynxID2025_lynx_45,0.03580914
749,LynxID2025_lynx_54,0.015312687
750,LynxID2025_lynx_45,0.027979994
751,LynxID2025_lynx_45,0.027281849
753,LynxID2025_lynx_45,0.044046395
760,LynxID2025_lynx_46,0.025289273
761,LynxID2025_lynx_45,0.011391245
764,LynxID2025_lynx_49,0.017126162
766,SeaTurtleID2022_t373,0.00897233
770,LynxID2025_lynx_45,0.025773758
776,LynxID2025_lynx_36,0.016827019
781,LynxID2025_lynx_49,0.024405323
782,LynxID2025_lynx_43,0.01600902
784,LynxID2025_lynx_74,0.021748021
786,LynxID2025_lynx_45,0.064608835
787,SeaTurtleID2022_t234,0.00907667
790,SeaTurtleID2022_t004,0.010457845
791,LynxID2025_lynx_45,0.042258985
793,LynxID2025_lynx_45,0.039408103
794,LynxID2025_lynx_46,0.021946741
795,LynxID2025_lynx_46,0.014630037
797,LynxID2025_lynx_95,0.0099137565
798,LynxID2025_lynx_62,0.017131075
800,LynxID2025_lynx_45,0.043837924
804,LynxID2025_lynx_46,0.028701374
808,LynxID2025_lynx_43,0.046860594
817,LynxID2025_lynx_62,0.021451347
819,LynxID2025_lynx_49,0.030929219
824,LynxID2025_lynx_74,0.13422164
840,LynxID2025_lynx_45,0.057973187
849,SeaTurtleID2022_t004,0.0110363215
855,LynxID2025_lynx_46,0.021544501
859,LynxID2025_lynx_74,0.095668904
865,SeaTurtleID2022_t004,0.011636792
871,SeaTurtleID2022_t234,0.011457616
872,LynxID2025_lynx_45,0.010784571
874,LynxID2025_lynx_45,0.11124623
881,SeaTurtleID2022_t234,0.010159801
886,LynxID2025_lynx_43,0.010392574
887,LynxID2025_lynx_43,0.0091902595
893,LynxID2025_lynx_05,0.013675512
897,LynxID2025_lynx_43,0.018725265
904,LynxID2025_lynx_62,0.44984832
907,LynxID2025_lynx_74,0.032738846
915,SeaTurtleID2022_t234,0.011777727
917,LynxID2025_lynx_62,0.01866997
920,LynxID2025_lynx_45,0.028053135
939,LynxID2025_lynx_49,0.031276904
941,LynxID2025_lynx_36,0.023623787
945,SeaTurtleID2022_t004,0.017752023
951,LynxID2025_lynx_49,0.064710565
962,LynxID2025_lynx_74,0.13983925
963,LynxID2025_lynx_49,0.035795998
964,SeaTurtleID2022_t004,0.010589732
969,LynxID2025_lynx_62,0.30624762
980,LynxID2025_lynx_62,0.3322213
983,LynxID2025_lynx_86,0.017524991
985,LynxID2025_lynx_32,0.022235421
990,LynxID2025_lynx_05,0.03493872
991,LynxID2025_lynx_45,0.055345148
992,LynxID2025_lynx_46,0.015825305
994,LynxID2025_lynx_32,0.039789114
995,LynxID2025_lynx_43,0.011533972
1000,LynxID2025_lynx_49,0.017580949
1001,LynxID2025_lynx_62,0.015370682
1005,LynxID2025_lynx_49,0.020277632
1006,LynxID2025_lynx_46,0.025005585
1008,LynxID2025_lynx_95,0.021273913
1011,LynxID2025_lynx_74,0.5877067
1012,LynxID2025_lynx_38,0.010846329
1013,LynxID2025_lynx_45,0.018806681
1019,LynxID2025_lynx_74,0.0600448
1021,LynxID2025_lynx_74,0.055008944
1031,LynxID2025_lynx_62,0.020813335
1034,LynxID2025_lynx_74,0.015834358
1039,LynxID2025_lynx_43,0.011193563
1042,LynxID2025_lynx_45,0.037757292
1045,LynxID2025_lynx_45,0.06479464
1046,LynxID2025_lynx_31,0.026704794
1047,LynxID2025_lynx_49,0.043337237
1048,LynxID2025_lynx_49,0.027562046
1053,LynxID2025_lynx_54,0.016038412
1055,SeaTurtleID2022_t234,0.009245296
1057,LynxID2025_lynx_45,0.013201195
1060,LynxID2025_lynx_95,0.038918685
1064,LynxID2025_lynx_86,0.011518257
1065,LynxID2025_lynx_31,0.03053922
1068,SeaTurtleID2022_t234,0.013153635
1069,SeaTurtleID2022_t234,0.015789969
1071,LynxID2025_lynx_45,0.06698081
1075,LynxID2025_lynx_49,0.02791897
1089,LynxID2025_lynx_45,0.015165914
1090,SeaTurtleID2022_t234,0.00849014
1094,LynxID2025_lynx_43,0.010652437
1095,LynxID2025_lynx_32,0.02461722
1096,LynxID2025_lynx_43,0.019733371
1107,LynxID2025_lynx_43,0.02216091
1108,LynxID2025_lynx_98,0.040433932
1111,LynxID2025_lynx_35,0.018066198
1115,LynxID2025_lynx_62,0.033265986
1119,LynxID2025_lynx_49,0.019369116
1120,LynxID2025_lynx_45,0.009019526
1122,LynxID2025_lynx_62,0.01899542
1131,LynxID2025_lynx_62,0.053992875
1135,LynxID2025_lynx_54,0.14937435
1137,LynxID2025_lynx_45,0.2530697
1139,LynxID2025_lynx_46,0.015149095
1143,LynxID2025_lynx_05,0.01679668
1147,LynxID2025_lynx_43,0.014561127
1153,LynxID2025_lynx_05,0.01638269
1154,LynxID2025_lynx_46,0.012916837
1162,SeaTurtleID2022_t158,0.008837797
1163,LynxID2025_lynx_45,0.028363131
1164,LynxID2025_lynx_25,0.020752525
1175,LynxID2025_lynx_62,0.037701152
1182,LynxID2025_lynx_46,0.028893504
1191,LynxID2025_lynx_74,0.18012768
1192,LynxID2025_lynx_74,0.21183382
1197,LynxID2025_lynx_74,0.06577222
1198,LynxID2025_lynx_29,0.008872014
1203,LynxID2025_lynx_54,0.025424136
1205,LynxID2025_lynx_28,0.031100176
1207,LynxID2025_lynx_09,0.014594067
1209,LynxID2025_lynx_95,0.01322377
1211,LynxID2025_lynx_49,0.028682966
1213,LynxID2025_lynx_49,0.018661758
1214,LynxID2025_lynx_45,0.0634294
1221,LynxID2025_lynx_05,0.014213841
1223,LynxID2025_lynx_43,0.055242267
1225,SeaTurtleID2022_t235,0.010825851
1232,LynxID2025_lynx_43,0.008559063
1233,LynxID2025_lynx_45,0.0415872
1234,LynxID2025_lynx_45,0.011921048
1235,LynxID2025_lynx_43,0.010505119
1237,LynxID2025_lynx_54,0.017702634
1245,LynxID2025_lynx_45,0.023800498
1247,LynxID2025_lynx_45,0.029792199
1248,LynxID2025_lynx_45,0.011282044
1249,LynxID2025_lynx_45,0.011566883
1255,LynxID2025_lynx_43,0.010080771
1259,LynxID2025_lynx_74,0.09906811
1264,LynxID2025_lynx_62,0.023365201
1266,LynxID2025_lynx_45,0.20248519
1267,LynxID2025_lynx_06,0.0122344075
1270,LynxID2025_lynx_43,0.021595206
1271,LynxID2025_lynx_45,0.011274106
1277,SeaTurtleID2022_t004,0.010015193
1278,LynxID2025_lynx_45,0.010175736
1280,LynxID2025_lynx_49,0.012607318
1288,LynxID2025_lynx_31,0.041218102
1297,LynxID2025_lynx_62,0.009860784
1309,LynxID2025_lynx_74,0.092822395
1311,LynxID2025_lynx_38,0.013211117
1313,LynxID2025_lynx_46,0.0131030725
1318,LynxID2025_lynx_62,0.017637162
1322,LynxID2025_lynx_43,0.015001222
1325,LynxID2025_lynx_49,0.012599152
1330,LynxID2025_lynx_62,0.12898833
1335,SeaTurtleID2022_t004,0.01225662
1343,LynxID2025_lynx_05,0.025664274
1345,LynxID2025_lynx_45,0.039007828
1349,SeaTurtleID2022_t004,0.0105143525
1351,LynxID2025_lynx_43,0.027921177
1353,LynxID2025_lynx_45,0.016005738
1363,LynxID2025_lynx_05,0.01352396
1367,LynxID2025_lynx_50,0.024110818
1368,LynxID2025_lynx_45,0.017538952
1370,SeaTurtleID2022_t234,0.010724557
1371,LynxID2025_lynx_05,0.027838716
1375,LynxID2025_lynx_45,0.10722702
1385,LynxID2025_lynx_45,0.02869145
1388,LynxID2025_lynx_49,0.020193437
1392,LynxID2025_lynx_45,0.021116931
1394,LynxID2025_lynx_49,0.012051223
1399,LynxID2025_lynx_28,0.024911271
1403,LynxID2025_lynx_62,0.013071666
1406,LynxID2025_lynx_54,0.010237805
1410,LynxID2025_lynx_43,0.014194007
1413,LynxID2025_lynx_45,0.0112914685
1416,LynxID2025_lynx_62,0.021283064
1421,LynxID2025_lynx_45,0.023507869
1425,SeaTurtleID2022_t004,0.009659785
1427,LynxID2025_lynx_74,0.039424237
1428,LynxID2025_lynx_32,0.019302476
1431,LynxID2025_lynx_45,0.03439114
1432,LynxID2025_lynx_45,0.013855091
1433,LynxID2025_lynx_62,0.01784941
1439,LynxID2025_lynx_95,0.024748053
1441,LynxID2025_lynx_43,0.020293051
1444,SeaTurtleID2022_t004,0.016321393
1447,LynxID2025_lynx_49,0.07178511
1453,LynxID2025_lynx_49,0.011674373
1454,LynxID2025_lynx_95,0.01789114
1455,LynxID2025_lynx_32,0.018516973
1457,LynxID2025_lynx_95,0.06523582
1465,LynxID2025_lynx_74,0.05486103
1466,LynxID2025_lynx_45,0.10431529
1474,LynxID2025_lynx_45,0.01888706
1475,LynxID2025_lynx_45,0.037223313
1491,LynxID2025_lynx_46,0.010863499
1492,LynxID2025_lynx_45,0.04646701
1493,LynxID2025_lynx_05,0.015360659
1494,LynxID2025_lynx_74,0.29021844
1504,LynxID2025_lynx_43,0.0349859
1509,LynxID2025_lynx_43,0.009731893
1513,LynxID2025_lynx_45,0.15441102
1525,LynxID2025_lynx_45,0.026809387
1526,LynxID2025_lynx_34,0.012394244
1527,LynxID2025_lynx_74,0.06676148
1538,LynxID2025_lynx_74,0.27332902
1539,LynxID2025_lynx_45,0.114026666
1541,LynxID2025_lynx_62,0.24614353
1545,LynxID2025_lynx_45,0.013566309
1546,LynxID2025_lynx_17,0.01098589
1547,LynxID2025_lynx_16,0.010705906
1550,LynxID2025_lynx_54,0.038995214
1557,LynxID2025_lynx_45,0.027276112
1559,SeaTurtleID2022_t004,0.02000238
1566,LynxID2025_lynx_45,0.013377577
1573,LynxID2025_lynx_43,0.013017714
1574,LynxID2025_lynx_05,0.030785162
1575,SeaTurtleID2022_t373,0.009925836
1578,LynxID2025_lynx_05,0.015848141
1580,LynxID2025_lynx_54,0.014011748
1583,LynxID2025_lynx_45,0.07793967
1585,LynxID2025_lynx_74,0.04679873
1586,LynxID2025_lynx_43,0.01531761
1588,LynxID2025_lynx_45,0.03077273
1592,LynxID2025_lynx_54,0.056433275
1594,LynxID2025_lynx_54,0.01372088
1596,LynxID2025_lynx_49,0.015305067
1600,LynxID2025_lynx_74,0.050160248
1607,LynxID2025_lynx_46,0.024462085
1610,LynxID2025_lynx_45,0.021072123
1612,LynxID2025_lynx_49,0.04936077
1615,LynxID2025_lynx_74,0.021003062
1616,LynxID2025_lynx_49,0.037638422
1619,LynxID2025_lynx_74,0.08212079
1621,LynxID2025_lynx_45,0.027283607
1625,LynxID2025_lynx_45,0.03652377
1628,LynxID2025_lynx_45,0.0233671
1631,LynxID2025_lynx_74,0.10156462
1632,LynxID2025_lynx_54,0.009583094
1641,LynxID2025_lynx_45,0.035449214
1643,LynxID2025_lynx_74,0.27908328
1651,LynxID2025_lynx_43,0.08003343
1652,LynxID2025_lynx_49,0.018302688
1659,LynxID2025_lynx_49,0.013865364
1660,LynxID2025_lynx_87,0.013134688
1666,LynxID2025_lynx_43,0.011496735
1673,LynxID2025_lynx_43,0.071923256
1674,LynxID2025_lynx_45,0.037845183
1681,LynxID2025_lynx_45,0.021643016
1684,LynxID2025_lynx_05,0.02155213
1688,LynxID2025_lynx_50,0.019764077
1689,LynxID2025_lynx_74,0.09314056
1694,LynxID2025_lynx_41,0.015492463
1701,LynxID2025_lynx_43,0.014061488
1704,LynxID2025_lynx_49,0.014416973
1714,LynxID2025_lynx_28,0.024029091
1725,LynxID2025_lynx_43,0.01685709
1726,LynxID2025_lynx_46,0.015637882
1728,LynxID2025_lynx_29,0.020495221
1735,LynxID2025_lynx_49,0.01076227
1743,LynxID2025_lynx_45,0.013744468
1744,LynxID2025_lynx_74,0.023988774
1749,LynxID2025_lynx_49,0.016565645
1759,LynxID2025_lynx_45,0.010565985
1774,LynxID2025_lynx_49,0.04510837
1776,LynxID2025_lynx_87,0.036710177
1777,LynxID2025_lynx_43,0.008776175
1790,LynxID2025_lynx_05,0.02681187
1795,LynxID2025_lynx_62,0.46122214
1804,LynxID2025_lynx_32,0.0166571
1806,LynxID2025_lynx_46,0.023121463
1812,LynxID2025_lynx_43,0.014171547
1818,SeaTurtleID2022_t004,0.010489931
1820,LynxID2025_lynx_05,0.012789618
1823,LynxID2025_lynx_45,0.018321058
1829,SeaTurtleID2022_t234,0.009163778
1834,LynxID2025_lynx_95,0.0098640695
1835,LynxID2025_lynx_54,0.011777979
1836,LynxID2025_lynx_05,0.017087838
1840,LynxID2025_lynx_45,0.015363328
1843,LynxID2025_lynx_49,0.0139590185
1854,LynxID2025_lynx_46,0.041105345
1861,SeaTurtleID2022_t234,0.009106669
1867,LynxID2025_lynx_45,0.0170686
1869,LynxID2025_lynx_74,0.048616745
1870,LynxID2025_lynx_43,0.012310267
1871,LynxID2025_lynx_46,0.025410341
1873,LynxID2025_lynx_54,0.03479487
1874,LynxID2025_lynx_45,0.020887552
1878,LynxID2025_lynx_45,0.015159737
1892,LynxID2025_lynx_62,0.033041846
1894,LynxID2025_lynx_29,0.010905379
1897,LynxID2025_lynx_54,0.010393438
1899,LynxID2025_lynx_62,0.40191025
1901,LynxID2025_lynx_45,0.016206225
1903,LynxID2025_lynx_62,0.008661124
1913,LynxID2025_lynx_05,0.05739984
1917,LynxID2025_lynx_62,0.3361156
1921,SeaTurtleID2022_t004,0.015220268
1923,LynxID2025_lynx_34,0.015706707
1925,LynxID2025_lynx_06,0.010614349
1930,LynxID2025_lynx_49,0.038909614
1935,LynxID2025_lynx_49,0.053033352
1936,LynxID2025_lynx_49,0.025862379
1937,LynxID2025_lynx_43,0.025257383
1939,LynxID2025_lynx_45,0.030846197
1941,SeaTurtleID2022_t004,0.016171165
1943,LynxID2025_lynx_49,0.044431582
1945,LynxID2025_lynx_05,0.022861114
1951,LynxID2025_lynx_01,0.010649888
1955,SeaTurtleID2022_t004,0.01229096
1957,LynxID2025_lynx_29,0.011771552
1961,LynxID2025_lynx_62,0.2687839
1965,LynxID2025_lynx_45,0.035268705
1969,LynxID2025_lynx_49,0.018966872
1971,LynxID2025_lynx_86,0.008021314
1975,SeaTurtleID2022_t004,0.011931733
1981,LynxID2025_lynx_87,0.016727349
1985,LynxID2025_lynx_62,0.035912015
1991,SeaTurtleID2022_t004,0.010886097
2005,LynxID2025_lynx_45,0.015988912
2007,LynxID2025_lynx_62,0.013377282
2008,LynxID2025_lynx_45,0.058635417
2014,LynxID2025_lynx_74,0.024290342
2029,LynxID2025_lynx_43,0.013287366
2030,LynxID2025_lynx_54,0.032369178
2035,LynxID2025_lynx_05,0.011532886
2037,LynxID2025_lynx_74,0.029603317
2038,LynxID2025_lynx_62,0.019642958
2040,LynxID2025_lynx_45,0.067597605
2044,LynxID2025_lynx_45,0.0583862
2049,LynxID2025_lynx_32,0.011180488
2057,LynxID2025_lynx_43,0.04801139
2058,LynxID2025_lynx_45,0.053206105
2078,LynxID2025_lynx_74,0.12517056
2079,LynxID2025_lynx_45,0.05044466
2081,LynxID2025_lynx_54,0.036759935
2082,LynxID2025_lynx_45,0.025575962
2086,LynxID2025_lynx_28,0.013932269
2090,LynxID2025_lynx_74,0.20730563
2091,LynxID2025_lynx_62,0.06031688
2105,SeaTurtleID2022_t234,0.011671616
2106,SeaTurtleID2022_t257,0.010620384
2107,LynxID2025_lynx_45,0.01942693
2110,LynxID2025_lynx_28,0.008082157
2117,LynxID2025_lynx_74,0.022579202
2118,LynxID2025_lynx_74,0.044383857
2119,LynxID2025_lynx_49,0.016300691
2124,LynxID2025_lynx_05,0.028308367
2127,LynxID2025_lynx_43,0.014095391
2129,LynxID2025_lynx_62,0.017480474
2136,LynxID2025_lynx_62,0.033038046
2137,LynxID2025_lynx_45,0.02340729
2144,LynxID2025_lynx_49,0.011546305
2146,SeaTurtleID2022_t004,0.011366951
2151,LynxID2025_lynx_28,0.019298669
2161,LynxID2025_lynx_45,0.019033385
2164,LynxID2025_lynx_05,0.01241627
2166,LynxID2025_lynx_43,0.014397729
2169,LynxID2025_lynx_43,0.012523419
2170,LynxID2025_lynx_05,0.013481853
2174,LynxID2025_lynx_62,0.337694
2178,LynxID2025_lynx_49,0.009058502
2184,LynxID2025_lynx_54,0.017639367
2190,LynxID2025_lynx_45,0.05271094
2196,LynxID2025_lynx_45,0.028269682
2198,LynxID2025_lynx_87,0.01104899
2200,LynxID2025_lynx_43,0.09913529
2205,LynxID2025_lynx_43,0.010396303
2207,SeaTurtleID2022_t234,0.013016855
2208,LynxID2025_lynx_95,0.015067188
2219,LynxID2025_lynx_05,0.025917351
2220,LynxID2025_lynx_45,0.018253142
2222,LynxID2025_lynx_01,0.022058317
2226,LynxID2025_lynx_45,0.059300628
2228,LynxID2025_lynx_05,0.016732393
2231,LynxID2025_lynx_45,0.019006329
2232,LynxID2025_lynx_45,0.08518812
2235,LynxID2025_lynx_43,0.008812044
2246,LynxID2025_lynx_46,0.012026644
2248,LynxID2025_lynx_87,0.0183092
2257,LynxID2025_lynx_98,0.019050678
2265,LynxID2025_lynx_74,0.015535343
2268,LynxID2025_lynx_32,0.01226155
2272,LynxID2025_lynx_45,0.027217258
2283,LynxID2025_lynx_45,0.039640825
2290,LynxID2025_lynx_32,0.01282045
2292,LynxID2025_lynx_46,0.009549303
2293,LynxID2025_lynx_11,0.011935091
2294,LynxID2025_lynx_50,0.016163228
2301,LynxID2025_lynx_95,0.07958635
2303,LynxID2025_lynx_45,0.054045446
2307,LynxID2025_lynx_45,0.011757593
2313,LynxID2025_lynx_07,0.021425977
2320,LynxID2025_lynx_49,0.055182096
2322,LynxID2025_lynx_32,0.020162044
2324,LynxID2025_lynx_74,0.24259573
2326,LynxID2025_lynx_45,0.048194908
2330,LynxID2025_lynx_45,0.02836818
2336,LynxID2025_lynx_62,0.045812063
2338,LynxID2025_lynx_74,0.059263237
2343,LynxID2025_lynx_31,0.0083160335
2369,LynxID2025_lynx_54,0.007559816
2375,LynxID2025_lynx_43,0.015082939
2379,LynxID2025_lynx_43,0.011969156
2385,LynxID2025_lynx_74,0.17284285
2388,LynxID2025_lynx_45,0.011166797
2389,LynxID2025_lynx_49,0.03492391
2390,LynxID2025_lynx_01,0.014712872
2399,LynxID2025_lynx_46,0.029831858
2403,LynxID2025_lynx_05,0.105616346
2404,LynxID2025_lynx_43,0.013968886
2406,LynxID2025_lynx_43,0.02005224
2408,LynxID2025_lynx_28,0.028096061
2409,LynxID2025_lynx_74,0.059329443
2411,LynxID2025_lynx_49,0.028913587
2426,LynxID2025_lynx_74,0.019522259
2435,SeaTurtleID2022_t004,0.011566032
2437,LynxID2025_lynx_01,0.014404946
2441,LynxID2025_lynx_74,0.010183972
2469,LynxID2025_lynx_43,0.016610404
2472,LynxID2025_lynx_49,0.013189317
2473,LynxID2025_lynx_45,0.05561882
2477,LynxID2025_lynx_46,0.0117269205
2478,LynxID2025_lynx_43,0.03216665
2487,LynxID2025_lynx_43,0.015919682
2491,LynxID2025_lynx_74,0.010487149
2495,LynxID2025_lynx_31,0.049650952
2496,LynxID2025_lynx_74,0.04728451
2501,LynxID2025_lynx_62,0.011230222
2511,LynxID2025_lynx_43,0.017278802
2512,LynxID2025_lynx_45,0.054360803
2518,LynxID2025_lynx_62,0.01655536
2525,SeaTurtleID2022_t004,0.012039357
2527,LynxID2025_lynx_43,0.07414359
2529,LynxID2025_lynx_49,0.025299005
2530,SeaTurtleID2022_t234,0.010701367
2534,LynxID2025_lynx_62,0.010702926
2544,LynxID2025_lynx_86,0.010412334
2545,LynxID2025_lynx_34,0.017860087
2546,LynxID2025_lynx_06,0.010608345
2549,LynxID2025_lynx_49,0.039585
2552,LynxID2025_lynx_74,0.05987325
2554,LynxID2025_lynx_62,0.013055042
2555,LynxID2025_lynx_45,0.08667525
2562,LynxID2025_lynx_74,0.063722834
2564,LynxID2025_lynx_74,0.37752858
2580,LynxID2025_lynx_43,0.0099096075
2591,SeaTurtleID2022_t004,0.016778456
2592,LynxID2025_lynx_95,0.049155764
2601,LynxID2025_lynx_43,0.02131405
2606,LynxID2025_lynx_74,0.036399115
2613,SeaTurtleID2022_t004,0.012325203
2625,LynxID2025_lynx_95,0.039377373
2626,LynxID2025_lynx_54,0.028186485
2631,LynxID2025_lynx_31,0.017823312
2638,LynxID2025_lynx_43,0.013206888
2643,LynxID2025_lynx_05,0.07558805
2644,LynxID2025_lynx_31,0.038248856
2648,LynxID2025_lynx_74,0.46069705
2654,LynxID2025_lynx_54,0.058859628
2655,SeaTurtleID2022_t004,0.015166934
2657,LynxID2025_lynx_34,0.01497167
2687,LynxID2025_lynx_62,0.015208758
2689,SeaTurtleID2022_t234,0.012379277
2705,LynxID2025_lynx_49,0.027883958
2706,LynxID2025_lynx_54,0.03766467
2709,LynxID2025_lynx_45,0.060154863
2713,LynxID2025_lynx_49,0.011373189
2718,LynxID2025_lynx_43,0.06919168
2721,LynxID2025_lynx_45,0.011544176
2724,LynxID2025_lynx_74,0.17871024
2725,LynxID2025_lynx_45,0.09548106
2726,LynxID2025_lynx_31,0.03528154
2731,LynxID2025_lynx_43,0.022779819
2733,LynxID2025_lynx_45,0.0275307
2734,LynxID2025_lynx_49,0.019668283
2744,LynxID2025_lynx_43,0.016851718
2754,LynxID2025_lynx_49,0.016211247
2758,LynxID2025_lynx_54,0.011991431
2759,LynxID2025_lynx_32,0.0149775585
2760,LynxID2025_lynx_87,0.013406321
2770,LynxID2025_lynx_29,0.017966941
2787,LynxID2025_lynx_45,0.02037532
2789,LynxID2025_lynx_45,0.01879793
2790,LynxID2025_lynx_32,0.017457955
2794,SeaTurtleID2022_t234,0.009526122
2797,SeaTurtleID2022_t234,0.0101453075
2801,LynxID2025_lynx_32,0.013451894
2803,LynxID2025_lynx_45,0.010842858
2807,LynxID2025_lynx_45,0.030670965
2811,LynxID2025_lynx_49,0.04534416
2812,LynxID2025_lynx_74,0.19478521
2823,LynxID2025_lynx_45,0.06873452
2829,LynxID2025_lynx_45,0.04715948
2831,LynxID2025_lynx_05,0.05653721
2834,LynxID2025_lynx_28,0.010978303
2840,LynxID2025_lynx_49,0.0114645
2841,LynxID2025_lynx_74,0.09448451
2844,LynxID2025_lynx_95,0.013348588
2845,SeaTurtleID2022_t004,0.012522282
2846,LynxID2025_lynx_54,0.023901196
2847,LynxID2025_lynx_46,0.014949007
2848,LynxID2025_lynx_93,0.014489876
2851,LynxID2025_lynx_87,0.023788622
2865,LynxID2025_lynx_62,0.0105300415
2871,LynxID2025_lynx_46,0.07280069
2873,LynxID2025_lynx_43,0.017763194
2876,LynxID2025_lynx_62,0.017375503
2889,LynxID2025_lynx_46,0.013204233
2893,LynxID2025_lynx_86,0.01364029
2894,LynxID2025_lynx_87,0.028557133
2896,LynxID2025_lynx_05,0.012078692
2914,LynxID2025_lynx_43,0.017104615
2920,LynxID2025_lynx_43,0.014527257
2921,LynxID2025_lynx_45,0.026083918
2933,LynxID2025_lynx_74,0.02048498
2934,LynxID2025_lynx_34,0.014467782
2942,LynxID2025_lynx_54,0.061742697
2948,LynxID2025_lynx_74,0.010026314
2949,LynxID2025_lynx_45,0.010751476
2951,LynxID2025_lynx_43,0.011890586
2952,LynxID2025_lynx_74,0.32464603
2957,SeaTurtleID2022_t234,0.00921208
2961,LynxID2025_lynx_28,0.011370188
2963,LynxID2025_lynx_62,0.010503743
2968,LynxID2025_lynx_45,0.020494288
2973,LynxID2025_lynx_45,0.018905384
2976,LynxID2025_lynx_43,0.014111831
2978,LynxID2025_lynx_49,0.016876193
2981,SeaTurtleID2022_t004,0.014921691
2985,LynxID2025_lynx_49,0.04082203
2999,LynxID2025_lynx_43,0.016214771
3001,LynxID2025_lynx_05,0.05695077
3003,LynxID2025_lynx_62,0.011946891
3007,SeaTurtleID2022_t234,0.0135954525
3013,SeaTurtleID2022_t004,0.019198518
3014,LynxID2025_lynx_45,0.02560632
3018,LynxID2025_lynx_43,0.019446293
3020,LynxID2025_lynx_45,0.019630317
3021,LynxID2025_lynx_46,0.031410005
3027,LynxID2025_lynx_62,0.060860034
3029,LynxID2025_lynx_45,0.01621171
3032,LynxID2025_lynx_98,0.01286285
3034,LynxID2025_lynx_93,0.012862557
3035,LynxID2025_lynx_49,0.028678201
3036,LynxID2025_lynx_45,0.018790737
3037,LynxID2025_lynx_45,0.01811195
3038,LynxID2025_lynx_43,0.08581169
3045,LynxID2025_lynx_74,0.25627878
3046,LynxID2025_lynx_45,0.049647976
3055,LynxID2025_lynx_87,0.011490079
3059,LynxID2025_lynx_28,0.016824853
3069,LynxID2025_lynx_62,0.5090613
3074,LynxID2025_lynx_01,0.008873876
3086,LynxID2025_lynx_62,0.01442775
3090,LynxID2025_lynx_74,0.16639854
3091,LynxID2025_lynx_43,0.01208117
3097,LynxID2025_lynx_43,0.013180881
3099,LynxID2025_lynx_45,0.03972668
3106,LynxID2025_lynx_45,0.035740107
3108,LynxID2025_lynx_49,0.036636904
3111,SeaTurtleID2022_t234,0.01194855
3116,LynxID2025_lynx_45,0.008529709
3118,LynxID2025_lynx_43,0.01626972
3130,LynxID2025_lynx_95,0.012810975
3133,LynxID2025_lynx_45,0.04695655
3138,LynxID2025_lynx_46,0.04702354
3142,LynxID2025_lynx_07,0.02945656
3144,LynxID2025_lynx_45,0.013965536
3153,LynxID2025_lynx_49,0.011608757
3155,LynxID2025_lynx_49,0.027345087
3156,LynxID2025_lynx_43,0.025152458
3157,LynxID2025_lynx_43,0.028390232
3167,LynxID2025_lynx_62,0.32006994
3177,SeaTurtleID2022_t004,0.010337966
3178,SeaTurtleID2022_t004,0.015701707
3181,LynxID2025_lynx_34,0.033922873
3183,LynxID2025_lynx_62,0.4832417
3193,LynxID2025_lynx_45,0.078204654
3201,LynxID2025_lynx_43,0.011685902
3204,LynxID2025_lynx_43,0.01527713
3205,LynxID2025_lynx_05,0.038427766
3215,LynxID2025_lynx_43,0.0100669535
3217,LynxID2025_lynx_62,0.014503894
3220,SeaTurtleID2022_t234,0.011269189
3221,LynxID2025_lynx_74,0.04645928
3222,LynxID2025_lynx_74,0.34527934
3231,LynxID2025_lynx_45,0.025934145
3232,LynxID2025_lynx_45,0.01944092
3239,LynxID2025_lynx_45,0.02727306
3242,LynxID2025_lynx_46,0.050078984
3245,LynxID2025_lynx_62,0.030684255
3249,SeaTurtleID2022_t373,0.010385608
3256,LynxID2025_lynx_05,0.047243614
3259,LynxID2025_lynx_95,0.06491373
3261,LynxID2025_lynx_74,0.29807308
3263,LynxID2025_lynx_74,0.021922749
3267,LynxID2025_lynx_28,0.02268376
3270,LynxID2025_lynx_32,0.01888173
3274,SeaTurtleID2022_t004,0.01252715
3277,LynxID2025_lynx_49,0.061114147
3281,LynxID2025_lynx_62,0.013654054
3284,LynxID2025_lynx_62,0.013617468
3286,LynxID2025_lynx_45,0.011234094
3287,SeaTurtleID2022_t004,0.009680654
3297,SeaTurtleID2022_t234,0.0148118185
3305,SeaTurtleID2022_t004,0.012969817
3310,SeaTurtleID2022_t373,0.009367563
3314,LynxID2025_lynx_54,0.08341671
3323,LynxID2025_lynx_74,0.10715281
3331,LynxID2025_lynx_74,0.09374446
3335,LynxID2025_lynx_45,0.009524537
3338,LynxID2025_lynx_43,0.07955424
3339,LynxID2025_lynx_31,0.010622233
3344,LynxID2025_lynx_62,0.01499102
3348,LynxID2025_lynx_45,0.011035964
3352,LynxID2025_lynx_28,0.019672032
3353,LynxID2025_lynx_75,0.012864607
3356,SeaTurtleID2022_t004,0.01342286
3357,LynxID2025_lynx_45,0.011888548
3358,LynxID2025_lynx_43,0.010446913
3366,SeaTurtleID2022_t004,0.007951401
3372,LynxID2025_lynx_45,0.013405609
3380,LynxID2025_lynx_87,0.012129243
3382,LynxID2025_lynx_49,0.009370942
3386,SeaTurtleID2022_t234,0.008630379
3389,LynxID2025_lynx_49,0.01469682
3390,LynxID2025_lynx_29,0.02031881
3400,LynxID2025_lynx_05,0.013974364
3401,LynxID2025_lynx_45,0.02270911
3409,LynxID2025_lynx_95,0.048293594
3412,LynxID2025_lynx_45,0.03070336
3416,LynxID2025_lynx_45,0.09186518
3418,SeaTurtleID2022_t234,0.011138409
3420,LynxID2025_lynx_43,0.014354343
3424,LynxID2025_lynx_49,0.01177423
3427,LynxID2025_lynx_43,0.018296571
3429,LynxID2025_lynx_74,0.193503
3434,LynxID2025_lynx_95,0.11811179
3435,LynxID2025_lynx_74,0.02735786
3436,LynxID2025_lynx_11,0.026356991
3437,LynxID2025_lynx_43,0.034545075
3439,LynxID2025_lynx_45,0.20384847
3441,LynxID2025_lynx_43,0.025713228
3446,LynxID2025_lynx_74,0.11940517
3449,LynxID2025_lynx_43,0.018878948
3450,LynxID2025_lynx_49,0.01075759
3452,LynxID2025_lynx_74,0.108911976
3469,LynxID2025_lynx_29,0.019300861
3474,SeaTurtleID2022_t004,0.0125128925
3477,LynxID2025_lynx_43,0.021477051
3480,LynxID2025_lynx_62,0.4127884
3481,LynxID2025_lynx_86,0.028956352
3484,LynxID2025_lynx_49,0.04909514
3487,LynxID2025_lynx_74,0.020216977
3490,LynxID2025_lynx_62,0.025098972
3494,LynxID2025_lynx_45,0.023918249
3497,SeaTurtleID2022_t004,0.013175012
3500,LynxID2025_lynx_74,0.02465161
3501,LynxID2025_lynx_45,0.035471357
3502,LynxID2025_lynx_43,0.02821324
3508,LynxID2025_lynx_49,0.046668906
3511,LynxID2025_lynx_07,0.018027058
3513,LynxID2025_lynx_43,0.013323111
3521,LynxID2025_lynx_43,0.0139405755
3524,LynxID2025_lynx_45,0.018982047
3526,LynxID2025_lynx_62,0.013773466
3529,LynxID2025_lynx_46,0.033984017
3530,LynxID2025_lynx_95,0.013076473
3539,LynxID2025_lynx_05,0.014967167
3540,LynxID2025_lynx_62,0.014402213
3542,LynxID2025_lynx_45,0.046393316
3545,LynxID2025_lynx_62,0.17203589
3548,LynxID2025_lynx_74,0.28657225
3550,SeaTurtleID2022_t004,0.0140181575
3565,LynxID2025_lynx_62,0.4450434
3566,LynxID2025_lynx_45,0.018816076
3568,SeaTurtleID2022_t234,0.010240135
3570,LynxID2025_lynx_74,0.2199408
3574,LynxID2025_lynx_45,0.035320114
3582,LynxID2025_lynx_46,0.03777476
3585,LynxID2025_lynx_45,0.04004668
3595,LynxID2025_lynx_74,0.20073728
3597,LynxID2025_lynx_43,0.067766495
3605,LynxID2025_lynx_62,0.018266268
3626,SeaTurtleID2022_t234,0.012707885
3633,LynxID2025_lynx_43,0.013862583
3638,LynxID2025_lynx_74,0.13795379
3643,LynxID2025_lynx_45,0.22478333
3645,LynxID2025_lynx_28,0.011722942
3648,LynxID2025_lynx_05,0.028597828
3654,LynxID2025_lynx_43,0.02023948
3655,LynxID2025_lynx_43,0.013564166
3657,LynxID2025_lynx_54,0.011952727
3660,LynxID2025_lynx_45,0.020640973
3666,LynxID2025_lynx_05,0.01745077
3670,LynxID2025_lynx_62,0.025830597
3672,SeaTurtleID2022_t373,0.008339301
3675,LynxID2025_lynx_45,0.02032689
3676,LynxID2025_lynx_43,0.0095894085
3677,LynxID2025_lynx_49,0.015949465
3682,LynxID2025_lynx_74,0.15161511
3690,LynxID2025_lynx_49,0.016694577
3691,SeaTurtleID2022_t373,0.008536813
3692,LynxID2025_lynx_01,0.01063803
3696,LynxID2025_lynx_45,0.021769922
3698,LynxID2025_lynx_45,0.02922686
3706,LynxID2025_lynx_49,0.059497725
3725,LynxID2025_lynx_54,0.009963935
3727,LynxID2025_lynx_43,0.22033583
3729,LynxID2025_lynx_43,0.014933211
3739,LynxID2025_lynx_49,0.032737203
3749,LynxID2025_lynx_45,0.016311165
3750,LynxID2025_lynx_34,0.019016948
3762,LynxID2025_lynx_77,0.016793301
3763,LynxID2025_lynx_05,0.17498071
3766,LynxID2025_lynx_62,0.038621716
3768,LynxID2025_lynx_43,0.014629302
3793,LynxID2025_lynx_45,0.038868453
3794,LynxID2025_lynx_45,0.12546755
3808,LynxID2025_lynx_16,0.012868138
3822,LynxID2025_lynx_45,0.024700081
3823,LynxID2025_lynx_43,0.11101089
3836,LynxID2025_lynx_32,0.012379435
3837,LynxID2025_lynx_46,0.024577504
3849,LynxID2025_lynx_49,0.017812073
3861,LynxID2025_lynx_87,0.020453367
3862,LynxID2025_lynx_74,0.020221388
3866,LynxID2025_lynx_05,0.038195863
3867,LynxID2025_lynx_54,0.17691247
3874,LynxID2025_lynx_45,0.036142044
3876,LynxID2025_lynx_43,0.009778398
3887,LynxID2025_lynx_25,0.022154061
3897,LynxID2025_lynx_43,0.013005626
3900,LynxID2025_lynx_95,0.011476302
3902,LynxID2025_lynx_46,0.015418102
5291,LynxID2025_lynx_06,0.017596008
5292,LynxID2025_lynx_06,0.013928707
5293,LynxID2025_lynx_06,0.028480893
5294,SeaTurtleID2022_t004,0.014439498
5295,SeaTurtleID2022_t234,0.015142863
5296,LynxID2025_lynx_43,0.013733956
5297,SeaTurtleID2022_t004,0.015614971
5298,SeaTurtleID2022_t004,0.015764397
5299,SeaTurtleID2022_t004,0.025588328
5300,SeaTurtleID2022_t234,0.016915597
5301,SeaTurtleID2022_t234,0.013368403
5302,SalamanderID2025_3,0.0711507
5303,SeaTurtleID2022_t004,0.0163583
5304,SalamanderID2025_5,0.029062705
5305,SalamanderID2025_6,0.06252242
5306,SalamanderID2025_7,0.025868487
5307,SalamanderID2025_234,0.035280913
5308,SeaTurtleID2022_t004,0.020625826
5309,LynxID2025_lynx_06,0.0095527815
5310,LynxID2025_lynx_45,0.00901633
5311,LynxID2025_lynx_54,0.017057851
5312,LynxID2025_lynx_06,0.013730533
5313,SeaTurtleID2022_t004,0.015234514
5314,SeaTurtleID2022_t234,0.009369239
5315,SalamanderID2025_237,0.012296287
5316,SalamanderID2025_10,0.05894602
5317,SalamanderID2025_11,0.07697703
5318,LynxID2025_lynx_43,0.01409698
5319,LynxID2025_lynx_43,0.018231211
5320,SeaTurtleID2022_t004,0.0109436745
5321,LynxID2025_lynx_43,0.008827301
5322,SeaTurtleID2022_t234,0.01230017
5323,SeaTurtleID2022_t234,0.025486143
5324,SalamanderID2025_19,0.020151725
5325,SeaTurtleID2022_t004,0.02158867
5326,SeaTurtleID2022_t004,0.035036344
5327,SalamanderID2025_22,0.034030832
5328,SeaTurtleID2022_t004,0.015382042
5329,SeaTurtleID2022_t234,0.014333332
5330,LynxID2025_lynx_06,0.015071242
5331,SeaTurtleID2022_t234,0.014442995
5332,SeaTurtleID2022_t004,0.016655648
5333,SeaTurtleID2022_t004,0.012197736
5334,SalamanderID2025_29,0.17224918
5335,SeaTurtleID2022_t234,0.0139935035
5336,SeaTurtleID2022_t049,0.0139781805
5337,SalamanderID2025_33,0.031733453
5338,SalamanderID2025_34,0.010897596
5339,SeaTurtleID2022_t049,0.013479972
5340,SeaTurtleID2022_t234,0.014047035
5341,LynxID2025_lynx_06,0.008984635
5342,SeaTurtleID2022_t004,0.01129366
5343,SeaTurtleID2022_t234,0.009772812
5344,SeaTurtleID2022_t049,0.012782438
5345,SeaTurtleID2022_t234,0.013017623
5346,SeaTurtleID2022_t234,0.009279228
5347,SeaTurtleID2022_t004,0.01660652
5348,SeaTurtleID2022_t018,0.010049802
5349,SeaTurtleID2022_t049,0.012245877
5350,SeaTurtleID2022_t234,0.012874465
5351,LynxID2025_lynx_06,0.012862183
5352,SeaTurtleID2022_t004,0.017419647
5353,SeaTurtleID2022_t234,0.03276133
5354,SalamanderID2025_40,0.060779948
5355,SeaTurtleID2022_t234,0.016940234
5356,SeaTurtleID2022_t004,0.012178655
5357,SeaTurtleID2022_t049,0.015315212
5358,SeaTurtleID2022_t049,0.016170291
5359,SeaTurtleID2022_t049,0.014464822
5360,SeaTurtleID2022_t049,0.012337259
5361,SeaTurtleID2022_t004,0.014072579
5362,LynxID2025_lynx_43,0.018086439
5363,SeaTurtleID2022_t004,0.026209489
5364,LynxID2025_lynx_54,0.025302246
5365,SalamanderID2025_21,0.012542259
5366,LynxID2025_lynx_06,0.01773974
5367,SeaTurtleID2022_t004,0.024890065
5368,SeaTurtleID2022_t004,0.013865129
5369,SeaTurtleID2022_t234,0.024378136
5370,SeaTurtleID2022_t004,0.010959038
5371,SeaTurtleID2022_t049,0.014350701
5372,SeaTurtleID2022_t257,0.0104337735
5373,SalamanderID2025_51,0.1087372
5374,LynxID2025_lynx_06,0.012387274
5375,SeaTurtleID2022_t004,0.014794108
5376,SeaTurtleID2022_t004,0.01147072
5377,SeaTurtleID2022_t049,0.0077864616
5378,SeaTurtleID2022_t234,0.012218926
5379,SeaTurtleID2022_t234,0.012008943
5380,SeaTurtleID2022_t004,0.019765899
5381,SeaTurtleID2022_t234,0.014291191
5382,SeaTurtleID2022_t235,0.0116738435
5383,LynxID2025_lynx_06,0.017400524
5384,SeaTurtleID2022_t234,0.020471673
5385,LynxID2025_lynx_45,0.01242065
5386,SeaTurtleID2022_t049,0.010632293
5387,SalamanderID2025_56,0.038900018
5388,SalamanderID2025_57,0.04342471
5389,SalamanderID2025_58,0.06225307
5390,LynxID2025_lynx_43,0.014074327
5391,SeaTurtleID2022_t234,0.016389813
5392,SeaTurtleID2022_t234,0.016032742
5393,SeaTurtleID2022_t004,0.019405171
5394,SeaTurtleID2022_t049,0.016166845
5395,SeaTurtleID2022_t234,0.012446462
5396,SeaTurtleID2022_t234,0.012365977
5397,SeaTurtleID2022_t004,0.011269766
5398,SeaTurtleID2022_t004,0.016043287
5399,SeaTurtleID2022_t018,0.01901582
5400,SeaTurtleID2022_t004,0.009674112
5401,LynxID2025_lynx_06,0.017623937
5402,LynxID2025_lynx_43,0.011831872
5403,SeaTurtleID2022_t158,0.012184961
5404,SalamanderID2025_69,0.07549549
5405,SalamanderID2025_70,0.033844117
5406,LynxID2025_lynx_06,0.010865483
5407,SeaTurtleID2022_t018,0.015017157
5408,SeaTurtleID2022_t049,0.014762746
5409,LynxID2025_lynx_43,0.014065784
5410,SeaTurtleID2022_t235,0.012516575
5411,SeaTurtleID2022_t004,0.012609171
5412,SeaTurtleID2022_t004,0.025426138
5413,SeaTurtleID2022_t018,0.01039913
5414,SeaTurtleID2022_t234,0.010134912
5415,SalamanderID2025_75,0.020663919
5416,SeaTurtleID2022_t004,0.015471526
5417,SeaTurtleID2022_t018,0.009788268
5418,LynxID2025_lynx_43,0.019164529
5419,SalamanderID2025_81,0.1340713
5420,SeaTurtleID2022_t257,0.009371925
5421,SeaTurtleID2022_t234,0.011366393
5422,LynxID2025_lynx_43,0.010209407
5423,SalamanderID2025_83,0.044877592
5424,SalamanderID2025_84,0.05172832
5425,SeaTurtleID2022_t234,0.02009556
5426,SeaTurtleID2022_t004,0.021638118
5427,SeaTurtleID2022_t234,0.019884087
5428,SeaTurtleID2022_t049,0.015175085
5429,LynxID2025_lynx_06,0.015178154
5430,SeaTurtleID2022_t234,0.02245766
5431,SalamanderID2025_91,0.017362302
5432,SeaTurtleID2022_t234,0.013650054
5433,SeaTurtleID2022_t257,0.013555004
5434,SeaTurtleID2022_t049,0.019744938
5435,SeaTurtleID2022_t049,0.021237453
5436,SeaTurtleID2022_t018,0.016056059
5437,SeaTurtleID2022_t257,0.017295575
5438,SeaTurtleID2022_t004,0.019284615
5439,SalamanderID2025_99,0.026335353
5440,SeaTurtleID2022_t004,0.021738647
5441,SeaTurtleID2022_t004,0.015924543
5442,SeaTurtleID2022_t004,0.010665416
5443,SeaTurtleID2022_t234,0.03329792
5444,SalamanderID2025_32,0.027093811
5445,SalamanderID2025_105,0.15013818
5446,SeaTurtleID2022_t235,0.015211056
5447,SeaTurtleID2022_t234,0.021809442
5448,SeaTurtleID2022_t234,0.013470264
5449,SeaTurtleID2022_t049,0.012377504
5450,SeaTurtleID2022_t234,0.02301539
5451,SeaTurtleID2022_t234,0.01823114
5452,SalamanderID2025_206,0.02026463
5453,SeaTurtleID2022_t049,0.011032601
5454,SeaTurtleID2022_t004,0.01535232
5455,SeaTurtleID2022_t234,0.01433651
5456,SeaTurtleID2022_t234,0.019172749
5457,SeaTurtleID2022_t235,0.012661578
5458,SeaTurtleID2022_t018,0.012036831
5459,SeaTurtleID2022_t234,0.010187872
5460,LynxID2025_lynx_06,0.015253094
5461,SeaTurtleID2022_t234,0.014033087
5462,SalamanderID2025_115,0.1315268
5463,LynxID2025_lynx_43,0.01460506
5464,LynxID2025_lynx_06,0.02260764
5465,SeaTurtleID2022_t234,0.017026639
5466,SeaTurtleID2022_t004,0.021658573
5467,SeaTurtleID2022_t234,0.009224713
5468,SalamanderID2025_21,0.01265037
5469,SeaTurtleID2022_t234,0.020171477
5470,SeaTurtleID2022_t004,0.014553278
5471,SalamanderID2025_125,0.012650001
5472,LynxID2025_lynx_46,0.020873075
5473,SalamanderID2025_127,0.06335767
5474,SeaTurtleID2022_t234,0.01976028
5475,SeaTurtleID2022_t049,0.011132849
5476,SeaTurtleID2022_t158,0.03713924
5477,SalamanderID2025_32,0.026426507
5478,SalamanderID2025_132,0.17627019
5479,SeaTurtleID2022_t234,0.013476094
5480,SeaTurtleID2022_t004,0.022611551
5481,LynxID2025_lynx_43,0.011086987
5482,SeaTurtleID2022_t234,0.022270227
5483,SeaTurtleID2022_t234,0.024161205
5484,SeaTurtleID2022_t004,0.012700529
5485,SeaTurtleID2022_t004,0.016687639
5486,LynxID2025_lynx_43,0.013791315
5487,SeaTurtleID2022_t234,0.017824154
5488,SeaTurtleID2022_t004,0.012967433
5489,SeaTurtleID2022_t234,0.01563675
5490,SeaTurtleID2022_t234,0.01267239
5491,SeaTurtleID2022_t234,0.029630926
5492,SeaTurtleID2022_t004,0.011667345
5493,SeaTurtleID2022_t234,0.014264021
5494,SalamanderID2025_147,0.068681665
5495,SalamanderID2025_148,0.047076773
5496,SeaTurtleID2022_t158,0.0091448175
5497,SalamanderID2025_150,0.09772083
5498,LynxID2025_lynx_46,0.011877064
5499,SeaTurtleID2022_t018,0.015531875
5500,LynxID2025_lynx_06,0.012821588
5501,SeaTurtleID2022_t234,0.028172877
5502,LynxID2025_lynx_43,0.011038514
5503,SeaTurtleID2022_t004,0.020908866
5504,LynxID2025_lynx_43,0.014250219
5505,SalamanderID2025_158,0.12519757
5506,SalamanderID2025_159,0.10508698
5507,SeaTurtleID2022_t257,0.008011953
5508,SeaTurtleID2022_t018,0.019828977
5509,LynxID2025_lynx_43,0.013017111
5510,SalamanderID2025_164,0.18013765
5511,SeaTurtleID2022_t049,0.015798023
5512,SeaTurtleID2022_t235,0.014030154
5513,SeaTurtleID2022_t049,0.017323691
5514,SeaTurtleID2022_t004,0.014046302
5515,SeaTurtleID2022_t234,0.010223966
5516,SeaTurtleID2022_t234,0.012448608
5517,SeaTurtleID2022_t234,0.01756321
5518,SeaTurtleID2022_t004,0.012789813
5519,SeaTurtleID2022_t234,0.017790949
5520,SalamanderID2025_169,0.049135577
5521,SeaTurtleID2022_t004,0.015001819
5522,SalamanderID2025_171,0.02722571
5523,SeaTurtleID2022_t004,0.014699915
5524,SeaTurtleID2022_t234,0.0107779885
5525,SeaTurtleID2022_t234,0.018003657
5526,SeaTurtleID2022_t049,0.010678476
5527,SeaTurtleID2022_t049,0.018022386
5528,SeaTurtleID2022_t234,0.015582477
5529,SeaTurtleID2022_t234,0.018625347
5530,SalamanderID2025_179,0.08537704
5531,LynxID2025_lynx_45,0.01397116
5532,SeaTurtleID2022_t373,0.009908692
5533,SeaTurtleID2022_t033,0.01462593
5534,LynxID2025_lynx_43,0.010396858
5535,SeaTurtleID2022_t234,0.014919877
5536,SeaTurtleID2022_t004,0.010421909
5537,SeaTurtleID2022_t004,0.018203506
5538,LynxID2025_lynx_45,0.012746765
5539,SeaTurtleID2022_t004,0.008835756
5540,SeaTurtleID2022_t234,0.009979117
5541,SeaTurtleID2022_t018,0.017399633
5542,LynxID2025_lynx_06,0.016312538
5543,SeaTurtleID2022_t049,0.0119440155
5544,SeaTurtleID2022_t234,0.02363046
5545,SeaTurtleID2022_t235,0.013466107
5546,SalamanderID2025_189,0.044819582
5547,SeaTurtleID2022_t234,0.017815271
5548,LynxID2025_lynx_06,0.0138777485
5549,SeaTurtleID2022_t234,0.022537416
5550,SeaTurtleID2022_t004,0.031715754
5551,SeaTurtleID2022_t430,0.01379954
5552,SeaTurtleID2022_t004,0.01632013
5553,SeaTurtleID2022_t004,0.013451832
5554,SeaTurtleID2022_t234,0.018153965
5555,SeaTurtleID2022_t004,0.015385739
5556,SeaTurtleID2022_t018,0.014759409
5557,SeaTurtleID2022_t018,0.016246688
5558,SeaTurtleID2022_t004,0.0093416795
5559,SeaTurtleID2022_t004,0.015183073
5560,SeaTurtleID2022_t004,0.01387487
5561,SeaTurtleID2022_t234,0.02062307
5562,SalamanderID2025_204,0.08221379
5563,SeaTurtleID2022_t018,0.011559354
5564,SeaTurtleID2022_t004,0.01122546
5565,SeaTurtleID2022_t018,0.0095130745
5566,SeaTurtleID2022_t234,0.007265959
5567,SeaTurtleID2022_t257,0.01004986
5568,SalamanderID2025_233,0.041864455
5569,SalamanderID2025_233,0.019415025
5570,SeaTurtleID2022_t018,0.018584216
5571,SalamanderID2025_209,0.030042544
5572,LynxID2025_lynx_43,0.015836984
5573,SeaTurtleID2022_t234,0.015061315
5574,SeaTurtleID2022_t234,0.010537799
5575,SeaTurtleID2022_t004,0.044765987
5576,SeaTurtleID2022_t234,0.012985708
5577,SeaTurtleID2022_t234,0.014282937
5578,SeaTurtleID2022_t049,0.014007469
5579,SeaTurtleID2022_t235,0.018507943
5580,SeaTurtleID2022_t004,0.010645073
5581,SeaTurtleID2022_t158,0.02084241
5582,SeaTurtleID2022_t257,0.017864862
5583,SalamanderID2025_221,0.14310208
5584,SalamanderID2025_222,0.122523405
5585,SeaTurtleID2022_t234,0.017867107
5586,SalamanderID2025_224,0.054812875
5587,LynxID2025_lynx_06,0.020735895
5588,SeaTurtleID2022_t235,0.014588229
5589,SeaTurtleID2022_t018,0.012969779
5590,SeaTurtleID2022_t064,0.010819564
5591,SeaTurtleID2022_t234,0.012199165
5592,SalamanderID2025_231,0.03643573
5593,SeaTurtleID2022_t235,0.02084366
5594,SeaTurtleID2022_t018,0.011499672
5595,SeaTurtleID2022_t234,0.017758885
5596,SeaTurtleID2022_t004,0.0231961
5597,SalamanderID2025_237,0.10252242
5598,SeaTurtleID2022_t004,0.010856973
5599,SeaTurtleID2022_t234,0.01314984
5600,SeaTurtleID2022_t234,0.015825022
5601,SeaTurtleID2022_t234,0.014276384
5602,SeaTurtleID2022_t234,0.01690009
5603,SeaTurtleID2022_t234,0.01791233
5604,SeaTurtleID2022_t234,0.012380172
5605,SeaTurtleID2022_t234,0.012735687
5606,SeaTurtleID2022_t234,0.01854648
5607,SeaTurtleID2022_t234,0.023152767
5608,SalamanderID2025_243,0.032970995
5609,SeaTurtleID2022_t235,0.013412549
5610,SeaTurtleID2022_t004,0.014482684
5611,SeaTurtleID2022_t049,0.011089281
5612,SeaTurtleID2022_t234,0.012708478
5613,SeaTurtleID2022_t018,0.011468782
5614,SeaTurtleID2022_t004,0.010950759
5615,SeaTurtleID2022_t004,0.016164267
5616,SeaTurtleID2022_t004,0.020101473
5617,SeaTurtleID2022_t004,0.011728142
5618,SeaTurtleID2022_t004,0.015296464
5619,LynxID2025_lynx_06,0.011084509
5620,LynxID2025_lynx_43,0.018071923
5621,SeaTurtleID2022_t049,0.01606216
5622,SeaTurtleID2022_t063,0.011753011
5623,SalamanderID2025_254,0.2796178
5624,SeaTurtleID2022_t049,0.016966937
5625,SeaTurtleID2022_t018,0.010994822
5626,SeaTurtleID2022_t234,0.012537699
5627,SeaTurtleID2022_t234,0.012384909
5628,SeaTurtleID2022_t373,0.014850698
5629,SeaTurtleID2022_t004,0.017474197
5630,LynxID2025_lynx_43,0.013264768
5631,SeaTurtleID2022_t234,0.016180959
5632,SeaTurtleID2022_t004,0.014323331
5633,SeaTurtleID2022_t234,0.0093550645
5634,SeaTurtleID2022_t004,0.022075254
5635,SeaTurtleID2022_t049,0.015248296
5636,SeaTurtleID2022_t234,0.05080771
5637,SalamanderID2025_279,0.083085574
5638,SeaTurtleID2022_t049,0.0174843
5639,SeaTurtleID2022_t018,0.012966449
5640,SeaTurtleID2022_t004,0.0095628835
5641,SeaTurtleID2022_t033,0.0106705325
5642,SeaTurtleID2022_t004,0.013555909
5643,SeaTurtleID2022_t234,0.024876762
5644,SeaTurtleID2022_t004,0.0107974
5645,SeaTurtleID2022_t035,0.009652753
5646,SeaTurtleID2022_t035,0.009454586
5647,SeaTurtleID2022_t018,0.014973062
5648,SeaTurtleID2022_t257,0.010342298
5649,SeaTurtleID2022_t234,0.014989897
5650,SalamanderID2025_289,0.21180978
5651,SeaTurtleID2022_t004,0.010242613
5652,SeaTurtleID2022_t235,0.023537697
5653,SeaTurtleID2022_t018,0.015388246
5654,SeaTurtleID2022_t004,0.014873937
5655,SeaTurtleID2022_t373,0.012952098
5656,SeaTurtleID2022_t234,0.015914988
5657,SeaTurtleID2022_t004,0.01046701
5658,SeaTurtleID2022_t004,0.009087212
5659,SeaTurtleID2022_t018,0.015384294
5660,SeaTurtleID2022_t257,0.017233226
5661,LynxID2025_lynx_06,0.012388603
5662,SeaTurtleID2022_t004,0.013636115
5663,SeaTurtleID2022_t234,0.017138418
5664,SeaTurtleID2022_t004,0.014898161
5665,SeaTurtleID2022_t049,0.013235049
5666,SeaTurtleID2022_t018,0.013736795
5667,SeaTurtleID2022_t004,0.014822039
5668,SeaTurtleID2022_t234,0.011027838
5669,SeaTurtleID2022_t257,0.011124965
5670,SeaTurtleID2022_t004,0.015094434
5671,SeaTurtleID2022_t018,0.012430275
5672,SeaTurtleID2022_t049,0.024467051
5673,SeaTurtleID2022_t004,0.01683479
5674,SeaTurtleID2022_t004,0.01332852
5675,SeaTurtleID2022_t234,0.012043047
5676,SeaTurtleID2022_t063,0.013019968
5677,SeaTurtleID2022_t004,0.022304239
5678,SeaTurtleID2022_t004,0.0121391965
5679,SeaTurtleID2022_t004,0.022051942
5680,SeaTurtleID2022_t004,0.012214352
5681,SeaTurtleID2022_t004,0.009427259
5682,SeaTurtleID2022_t004,0.009518903
5683,SeaTurtleID2022_t004,0.01613714
5684,LynxID2025_lynx_06,0.013813862
5685,SeaTurtleID2022_t234,0.017282903
5686,SeaTurtleID2022_t257,0.013140516
5687,SeaTurtleID2022_t004,0.014710132
5688,SeaTurtleID2022_t004,0.01518823
5689,SeaTurtleID2022_t257,0.01054313
5690,SeaTurtleID2022_t004,0.017147344
5691,SeaTurtleID2022_t004,0.016202848
5692,SeaTurtleID2022_t234,0.021317286
5693,SeaTurtleID2022_t234,0.017872674
5694,SeaTurtleID2022_t004,0.012185906
5695,SeaTurtleID2022_t234,0.012429933
5696,SalamanderID2025_344,0.13002375
5697,SalamanderID2025_345,0.06805785
5698,SeaTurtleID2022_t018,0.014395221
5699,SeaTurtleID2022_t234,0.019702028
5700,LynxID2025_lynx_45,0.015610191
5701,SeaTurtleID2022_t158,0.009754782
5702,SeaTurtleID2022_t049,0.014040124
5703,LynxID2025_lynx_06,0.0127278995
5704,SeaTurtleID2022_t004,0.015716303
5705,SeaTurtleID2022_t004,0.010947094
5706,SeaTurtleID2022_t004,0.03529436
5707,SeaTurtleID2022_t004,0.014930274
5708,SeaTurtleID2022_t004,0.022051163
5709,LynxID2025_lynx_06,0.0250796
5710,SeaTurtleID2022_t004,0.0149334185
5711,SeaTurtleID2022_t234,0.009983695
5712,SeaTurtleID2022_t018,0.0121419495
5713,SeaTurtleID2022_t018,0.0137426965
5714,SalamanderID2025_362,0.038876656
5715,SeaTurtleID2022_t004,0.013508589
5716,LynxID2025_lynx_45,0.008554609
5717,SeaTurtleID2022_t004,0.019397995
5718,SeaTurtleID2022_t018,0.015592579
5719,LynxID2025_lynx_06,0.013779681
5720,SeaTurtleID2022_t018,0.014879885
5721,SeaTurtleID2022_t049,0.0128345955
5722,SeaTurtleID2022_t004,0.020118602
5723,SeaTurtleID2022_t004,0.019032527
5724,SeaTurtleID2022_t234,0.010028534
5725,SeaTurtleID2022_t158,0.014287957
5726,LynxID2025_lynx_05,0.012153383
5727,SeaTurtleID2022_t158,0.0119831385
5728,SeaTurtleID2022_t049,0.011973496
5729,SeaTurtleID2022_t004,0.01375562
5730,SeaTurtleID2022_t018,0.013906991
5731,SeaTurtleID2022_t234,0.018658303
5732,SeaTurtleID2022_t018,0.012686866
5733,SeaTurtleID2022_t234,0.012636065
5734,SeaTurtleID2022_t004,0.016443955
5735,LynxID2025_lynx_05,0.016175209
5736,SalamanderID2025_32,0.012911783
5737,SeaTurtleID2022_t049,0.016316243
5738,LynxID2025_lynx_06,0.009538677
5739,SeaTurtleID2022_t257,0.023953672
5740,SeaTurtleID2022_t049,0.013565533
5741,SeaTurtleID2022_t004,0.012324483
5742,LynxID2025_lynx_06,0.01703275
5743,SeaTurtleID2022_t064,0.007869011
5744,SeaTurtleID2022_t373,0.012523155
5745,SeaTurtleID2022_t235,0.012043109
5746,SeaTurtleID2022_t004,0.007693723
5747,SeaTurtleID2022_t004,0.013667457
5748,SeaTurtleID2022_t257,0.020979673
5749,SeaTurtleID2022_t004,0.011587735
5750,SeaTurtleID2022_t373,0.013299334
5751,SeaTurtleID2022_t049,0.018260589
5752,SeaTurtleID2022_t004,0.017253233
5753,SeaTurtleID2022_t234,0.011133528
5754,SeaTurtleID2022_t004,0.018597195
5755,SeaTurtleID2022_t004,0.01914965
5756,SeaTurtleID2022_t004,0.012875504
5757,SeaTurtleID2022_t004,0.039043576
5758,SeaTurtleID2022_t004,0.015256282
5759,SeaTurtleID2022_t004,0.012092669
5760,SeaTurtleID2022_t004,0.013516232
5761,SeaTurtleID2022_t004,0.01142482
5762,SeaTurtleID2022_t004,0.010917655
5763,SeaTurtleID2022_t234,0.013282674
5764,SeaTurtleID2022_t049,0.0096047055
5765,LynxID2025_lynx_45,0.012128976
5766,SeaTurtleID2022_t004,0.02862225
5767,SeaTurtleID2022_t234,0.011881424
5768,SeaTurtleID2022_t004,0.027464507
5769,SeaTurtleID2022_t235,0.0151287485
5770,SeaTurtleID2022_t248,0.012869422
5771,SeaTurtleID2022_t049,0.012277287
5772,SeaTurtleID2022_t018,0.015258733
5773,SeaTurtleID2022_t158,0.010860411
5774,SeaTurtleID2022_t234,0.01166985
5775,SeaTurtleID2022_t234,0.016631749
5776,LynxID2025_lynx_06,0.022064982
5777,LynxID2025_lynx_06,0.0102895405
5778,SeaTurtleID2022_t049,0.008707903
5779,SalamanderID2025_68,0.01474026
5780,SeaTurtleID2022_t158,0.014864168
5781,SeaTurtleID2022_t234,0.016986405
5782,SeaTurtleID2022_t046,0.010882806
5783,SeaTurtleID2022_t004,0.011739418
5784,SeaTurtleID2022_t234,0.013021689
5785,SeaTurtleID2022_t049,0.015152412
5786,SeaTurtleID2022_t004,0.015958825
5787,SeaTurtleID2022_t004,0.01403317
5788,SeaTurtleID2022_t049,0.012587816
5789,SeaTurtleID2022_t049,0.014376051
5790,SeaTurtleID2022_t004,0.015139761
5791,SeaTurtleID2022_t004,0.010753934
5792,SeaTurtleID2022_t257,0.013945018
5793,SeaTurtleID2022_t234,0.011387489
5794,SeaTurtleID2022_t004,0.010773591
5795,SeaTurtleID2022_t018,0.011102253
5796,SeaTurtleID2022_t018,0.014508387
5797,LynxID2025_lynx_06,0.012518129
5798,SeaTurtleID2022_t234,0.026264317
5799,LynxID2025_lynx_45,0.012222703
5800,SeaTurtleID2022_t004,0.011965536
5801,SeaTurtleID2022_t004,0.011351137
5802,SeaTurtleID2022_t234,0.017093925
5803,SeaTurtleID2022_t234,0.016546922
5804,SeaTurtleID2022_t004,0.012812911
5805,LynxID2025_lynx_06,0.01005372
5806,LynxID2025_lynx_06,0.0113635715
5807,SeaTurtleID2022_t004,0.01580863
5808,SalamanderID2025_11,0.012085615
5809,LynxID2025_lynx_34,0.014315915
5810,SeaTurtleID2022_t004,0.012266839
5811,LynxID2025_lynx_45,0.012139051
5812,LynxID2025_lynx_45,0.012288365
5813,SeaTurtleID2022_t004,0.012460509
5814,SeaTurtleID2022_t004,0.014949485
5815,SeaTurtleID2022_t234,0.011975943
5816,SeaTurtleID2022_t234,0.011988156
5817,SeaTurtleID2022_t049,0.010329873
5818,SeaTurtleID2022_t004,0.017194655
5819,SeaTurtleID2022_t234,0.021152204
5820,SeaTurtleID2022_t018,0.013432372
5821,SeaTurtleID2022_t049,0.010253628
5822,SeaTurtleID2022_t018,0.011207157
5823,SeaTurtleID2022_t234,0.020152044
5824,SeaTurtleID2022_t004,0.012907217
5825,SeaTurtleID2022_t004,0.010088484
5826,SeaTurtleID2022_t004,0.020995973
5827,SeaTurtleID2022_t018,0.01549247
5828,SeaTurtleID2022_t004,0.0136358
5829,SeaTurtleID2022_t004,0.016744679
5830,SeaTurtleID2022_t158,0.019463085
5831,SeaTurtleID2022_t373,0.009543648
5832,SeaTurtleID2022_t004,0.009888018
5833,SeaTurtleID2022_t018,0.022111256
5834,SeaTurtleID2022_t234,0.009689336
5835,SeaTurtleID2022_t018,0.009807455
5836,SeaTurtleID2022_t018,0.012844477
5837,SeaTurtleID2022_t018,0.018860014
5838,SeaTurtleID2022_t234,0.010768114
5839,SeaTurtleID2022_t018,0.015538997
5840,LynxID2025_lynx_06,0.009641965
5841,LynxID2025_lynx_06,0.011626847
5842,SeaTurtleID2022_t234,0.01818893
5843,SeaTurtleID2022_t049,0.0182961
5844,SeaTurtleID2022_t234,0.011984975
5845,LynxID2025_lynx_54,0.012792747
5846,SeaTurtleID2022_t004,0.027734466
5847,SeaTurtleID2022_t234,0.013781582
5848,LynxID2025_lynx_45,0.02281595
5849,SeaTurtleID2022_t018,0.009907372
5850,LynxID2025_lynx_06,0.020269705
5851,SeaTurtleID2022_t004,0.02493775
5852,SeaTurtleID2022_t235,0.020078497
5853,SeaTurtleID2022_t234,0.0119509995
5854,SeaTurtleID2022_t004,0.025843956
5855,SeaTurtleID2022_t257,0.010303443
5856,SeaTurtleID2022_t049,0.013837945
5857,SeaTurtleID2022_t004,0.014909304
5858,SeaTurtleID2022_t049,0.011130284
5859,SeaTurtleID2022_t049,0.01380949
5860,SeaTurtleID2022_t004,0.018540807
5861,LynxID2025_lynx_45,0.0108319055
5862,SeaTurtleID2022_t373,0.01172752
5863,LynxID2025_lynx_34,0.008253537
5864,SeaTurtleID2022_t018,0.009383446
5865,SeaTurtleID2022_t004,0.017036295
5866,SeaTurtleID2022_t004,0.025390243
5867,SeaTurtleID2022_t004,0.013491492
5868,LynxID2025_lynx_45,0.014526682
5869,LynxID2025_lynx_01,0.014107185
5870,SeaTurtleID2022_t004,0.012523476
5871,SeaTurtleID2022_t234,0.016966982
5872,SeaTurtleID2022_t004,0.018358614
5873,SeaTurtleID2022_t373,0.012081787
5874,SeaTurtleID2022_t004,0.0151981665
5875,SeaTurtleID2022_t257,0.008906192
5876,LynxID2025_lynx_06,0.012050838
5877,SeaTurtleID2022_t234,0.008178203
5878,SeaTurtleID2022_t018,0.023165118
5879,SeaTurtleID2022_t004,0.024234608
5880,SeaTurtleID2022_t234,0.010541898
5881,SeaTurtleID2022_t004,0.019745136
5882,SeaTurtleID2022_t257,0.010581498
5883,LynxID2025_lynx_06,0.0124602
5884,LynxID2025_lynx_06,0.01893494
5885,SeaTurtleID2022_t004,0.011206844
5886,SalamanderID2025_234,0.011819511
5887,LynxID2025_lynx_06,0.015181693
5888,SeaTurtleID2022_t373,0.013879141
5889,SeaTurtleID2022_t018,0.025268545
5890,SeaTurtleID2022_t018,0.009227306
5891,SeaTurtleID2022_t413,0.008965034
5892,SeaTurtleID2022_t234,0.010835787
5893,SeaTurtleID2022_t004,0.010575342
5894,SeaTurtleID2022_t018,0.013668887
5895,SeaTurtleID2022_t018,0.010533829
5896,SeaTurtleID2022_t257,0.012813028
5897,SeaTurtleID2022_t049,0.010960107
5898,LynxID2025_lynx_06,0.011676034
5899,SeaTurtleID2022_t004,0.016588787
5900,SeaTurtleID2022_t049,0.023177523
5901,LynxID2025_lynx_01,0.011593364
5902,SeaTurtleID2022_t257,0.012128214
5903,SalamanderID2025_68,0.025830328
5904,SeaTurtleID2022_t234,0.009539158
5905,SeaTurtleID2022_t049,0.011143653
5906,LynxID2025_lynx_45,0.013194898
5907,SeaTurtleID2022_t144,0.008668321
5908,SeaTurtleID2022_t018,0.019556958
5909,SeaTurtleID2022_t004,0.010104363
5910,LynxID2025_lynx_45,0.012903368
5911,LynxID2025_lynx_43,0.016415957
5912,SeaTurtleID2022_t234,0.014123939
5913,LynxID2025_lynx_01,0.008531959
5914,LynxID2025_lynx_45,0.0140681565
5915,SeaTurtleID2022_t049,0.0097388895
5916,SeaTurtleID2022_t004,0.008848623
5917,SeaTurtleID2022_t257,0.016233696
5918,LynxID2025_lynx_45,0.011484311
5919,SeaTurtleID2022_t234,0.011450643
5920,SeaTurtleID2022_t049,0.009655872
5921,SeaTurtleID2022_t018,0.015022451
5922,SeaTurtleID2022_t397,0.0078741
5923,SeaTurtleID2022_t235,0.010320161
5924,SeaTurtleID2022_t373,0.012391018
5925,LynxID2025_lynx_01,0.011014857
5926,SeaTurtleID2022_t049,0.011358218
5927,SeaTurtleID2022_t234,0.0136589985
5928,SeaTurtleID2022_t234,0.018009435
5929,LynxID2025_lynx_45,0.01138383
5930,LynxID2025_lynx_16,0.010320989
5931,SeaTurtleID2022_t018,0.017567327
5932,SeaTurtleID2022_t049,0.010959449
5933,LynxID2025_lynx_54,0.016284056
5934,SeaTurtleID2022_t004,0.013308622
5935,SeaTurtleID2022_t049,0.0143669
5936,SeaTurtleID2022_t234,0.01349035
5937,SeaTurtleID2022_t018,0.011258657
5938,SeaTurtleID2022_t004,0.011941343
5939,SeaTurtleID2022_t004,0.0114514455
5940,SeaTurtleID2022_t049,0.0088524325
5941,SeaTurtleID2022_t049,0.013684754
5942,SeaTurtleID2022_t004,0.012068863
5943,SeaTurtleID2022_t004,0.016662108
5944,SeaTurtleID2022_t144,0.013869595
5945,SeaTurtleID2022_t004,0.0133226765
5946,SeaTurtleID2022_t234,0.01851855
5947,SeaTurtleID2022_t049,0.012439985
5948,SeaTurtleID2022_t004,0.015145685
5949,SeaTurtleID2022_t257,0.014128193
5950,SeaTurtleID2022_t018,0.016684739
5951,SeaTurtleID2022_t234,0.029989777
5952,SeaTurtleID2022_t234,0.0107847955
5953,SeaTurtleID2022_t033,0.020927876
5954,SeaTurtleID2022_t234,0.018559214
5955,SeaTurtleID2022_t018,0.01285131
5956,SeaTurtleID2022_t235,0.010459154
5957,SeaTurtleID2022_t373,0.0118339155
5958,LynxID2025_lynx_01,0.014437885
5959,SalamanderID2025_32,0.021572908
5960,LynxID2025_lynx_43,0.015372811
5961,SeaTurtleID2022_t397,0.011482798
5962,SeaTurtleID2022_t234,0.010817299
5963,LynxID2025_lynx_06,0.008615643
5964,LynxID2025_lynx_45,0.012146398
5965,SeaTurtleID2022_t234,0.0135066565
5966,SeaTurtleID2022_t049,0.011843301
5967,SeaTurtleID2022_t234,0.013529823
5968,SeaTurtleID2022_t049,0.018144317
5969,SeaTurtleID2022_t004,0.016413696
5970,SeaTurtleID2022_t004,0.015245004
5971,LynxID2025_lynx_06,0.011065535
5972,SeaTurtleID2022_t033,0.015675332
5973,LynxID2025_lynx_01,0.010465252
5974,SeaTurtleID2022_t004,0.021389421
5975,SeaTurtleID2022_t004,0.019483425
5976,SeaTurtleID2022_t234,0.019766396
5977,SeaTurtleID2022_t049,0.013724841
5978,SeaTurtleID2022_t004,0.012495234
5979,LynxID2025_lynx_45,0.0105285905
14709,SeaTurtleID2022_t234,0.013711384
14710,SeaTurtleID2022_t171,0.02551735
14711,SeaTurtleID2022_t234,0.010424545
14712,SeaTurtleID2022_t004,0.01017135
14713,SeaTurtleID2022_t035,0.013529601
14714,SeaTurtleID2022_t004,0.016735302
14715,SeaTurtleID2022_t234,0.012214863
14716,SeaTurtleID2022_t204,0.033887286
14717,SeaTurtleID2022_t234,0.013530259
14718,SeaTurtleID2022_t049,0.010065285
14719,SeaTurtleID2022_t004,0.01658468
14720,SeaTurtleID2022_t035,0.16891906
14721,SeaTurtleID2022_t049,0.010178555
14722,SeaTurtleID2022_t234,0.009494707
14723,SeaTurtleID2022_t004,0.01078107
14724,SeaTurtleID2022_t234,0.023628356
14725,SeaTurtleID2022_t234,0.014588952
14726,SeaTurtleID2022_t234,0.015627122
14727,SeaTurtleID2022_t037,0.08225506
14728,SeaTurtleID2022_t004,0.010770595
14729,SeaTurtleID2022_t141,0.008447406
14730,SeaTurtleID2022_t004,0.013477059
14731,SeaTurtleID2022_t004,0.010347025
14732,SeaTurtleID2022_t037,0.07984678
14733,SeaTurtleID2022_t234,0.011324852
14734,SeaTurtleID2022_t197,0.060595315
14735,SeaTurtleID2022_t004,0.016189104
14736,SeaTurtleID2022_t049,0.011635158
14737,SeaTurtleID2022_t142,0.061972417
14738,SeaTurtleID2022_t004,0.015151818
14739,SeaTurtleID2022_t234,0.011897507
14740,SeaTurtleID2022_t234,0.012208451
14741,SeaTurtleID2022_t004,0.0153341815
14742,SeaTurtleID2022_t004,0.011454827
14743,SeaTurtleID2022_t004,0.011611996
14744,SeaTurtleID2022_t234,0.01949865
14745,SeaTurtleID2022_t004,0.012455351
14746,SeaTurtleID2022_t158,0.007916181
14747,SeaTurtleID2022_t004,0.011714545
14748,SeaTurtleID2022_t004,0.010599576
14749,SeaTurtleID2022_t033,0.05568867
14750,SeaTurtleID2022_t004,0.011054359
14751,SeaTurtleID2022_t257,0.26376316
14752,SeaTurtleID2022_t234,0.012598585
14753,SeaTurtleID2022_t234,0.011200321
14754,SeaTurtleID2022_t004,0.028222177
14755,SeaTurtleID2022_t033,0.040550783
14756,SeaTurtleID2022_t234,0.011663511
14757,SeaTurtleID2022_t234,0.015467382
14758,SeaTurtleID2022_t004,0.0098459
14759,SeaTurtleID2022_t234,0.013559407
14760,SeaTurtleID2022_t234,0.015174125
14761,SeaTurtleID2022_t004,0.017002178
14762,SeaTurtleID2022_t235,0.009623544
14763,SeaTurtleID2022_t004,0.013098306
14764,SeaTurtleID2022_t234,0.009586709
14765,SeaTurtleID2022_t033,0.05834986
14766,SeaTurtleID2022_t004,0.009417114
14767,SeaTurtleID2022_t004,0.014577145
14768,SeaTurtleID2022_t028,0.057396904
14769,SeaTurtleID2022_t004,0.010154546
14770,SeaTurtleID2022_t234,0.008448327
14771,SeaTurtleID2022_t004,0.019707166
14772,SeaTurtleID2022_t430,0.014904728
14773,SeaTurtleID2022_t373,0.014571261
14774,SeaTurtleID2022_t029,0.10298282
14775,SeaTurtleID2022_t158,0.02349491
14776,SeaTurtleID2022_t373,0.012060212
14777,SeaTurtleID2022_t004,0.019092878
14778,SeaTurtleID2022_t230,0.061743893
14779,SeaTurtleID2022_t158,0.013877081
14780,LynxID2025_lynx_45,0.014264625
14781,SeaTurtleID2022_t004,0.0113287335
14782,SeaTurtleID2022_t028,0.020742754
14783,SeaTurtleID2022_t004,0.0095785
14784,SeaTurtleID2022_t004,0.010023508
14785,SeaTurtleID2022_t004,0.023351472
14786,SeaTurtleID2022_t234,0.015295253
14787,SeaTurtleID2022_t004,0.012622046
14788,SeaTurtleID2022_t004,0.009948745
14789,SeaTurtleID2022_t104,0.05197871
14790,SeaTurtleID2022_t004,0.009429133
14791,SeaTurtleID2022_t020,0.01631168
14792,SeaTurtleID2022_t238,0.25041258
14793,SeaTurtleID2022_t257,0.37975785
14794,SeaTurtleID2022_t234,0.008823229
14795,SeaTurtleID2022_t257,0.008543329
14796,SeaTurtleID2022_t004,0.008779346
14797,LynxID2025_lynx_45,0.009368672
14798,SeaTurtleID2022_t234,0.012648607
14799,SeaTurtleID2022_t158,0.019330364
14800,SeaTurtleID2022_t257,0.0074946373
14801,SeaTurtleID2022_t158,0.012671287
14802,SeaTurtleID2022_t257,0.012128998
14803,SeaTurtleID2022_t004,0.01780191
14804,SeaTurtleID2022_t234,0.01079755
14805,SeaTurtleID2022_t158,0.019094236
14806,SeaTurtleID2022_t230,0.04949841
14807,SeaTurtleID2022_t004,0.010826906
14808,SeaTurtleID2022_t033,0.009920252
14809,SeaTurtleID2022_t141,0.010828142
14810,SeaTurtleID2022_t004,0.019707162
14811,SeaTurtleID2022_t004,0.022382127
14812,LynxID2025_lynx_45,0.014639397
14813,SeaTurtleID2022_t234,0.013021216
14814,SeaTurtleID2022_t158,0.033566076
14815,SeaTurtleID2022_t004,0.01696072
14816,SeaTurtleID2022_t004,0.023862319
14817,SeaTurtleID2022_t158,0.011332581
14818,SeaTurtleID2022_t234,0.014598583
14819,SeaTurtleID2022_t373,0.0530439
14820,SeaTurtleID2022_t037,0.025696216
14821,SeaTurtleID2022_t033,0.010779296
14822,SeaTurtleID2022_t234,0.010554651
14823,SeaTurtleID2022_t004,0.013536261
14824,SeaTurtleID2022_t257,0.019634737
14825,SeaTurtleID2022_t158,0.017730497
14826,SeaTurtleID2022_t004,0.01276432
14827,SeaTurtleID2022_t004,0.011715691
14828,SeaTurtleID2022_t004,0.0125704035
14829,SeaTurtleID2022_t049,0.0084284665
14830,SeaTurtleID2022_t004,0.012135457
14831,SeaTurtleID2022_t004,0.0147064
14832,SeaTurtleID2022_t004,0.016183652
14833,SeaTurtleID2022_t004,0.009679395
14834,SeaTurtleID2022_t174,0.022494497
14835,SeaTurtleID2022_t373,0.022612283
14836,SeaTurtleID2022_t373,0.043093435
14837,SeaTurtleID2022_t234,0.010763015
14838,SeaTurtleID2022_t373,0.009808909
14839,SeaTurtleID2022_t141,0.06863262
14840,SeaTurtleID2022_t004,0.019078111
14841,SeaTurtleID2022_t023,0.3364634
14842,SeaTurtleID2022_t234,0.009011936
14843,SeaTurtleID2022_t004,0.010793628
14844,SeaTurtleID2022_t373,0.012713487
14845,SeaTurtleID2022_t234,0.017764568
14846,SeaTurtleID2022_t234,0.008030659
14847,SeaTurtleID2022_t158,0.033647507
14848,SeaTurtleID2022_t158,0.014315661
14849,SeaTurtleID2022_t004,0.010545191
14850,SeaTurtleID2022_t004,0.0121529335
14851,SeaTurtleID2022_t004,0.007571223
14852,SeaTurtleID2022_t396,0.016481886
14853,SeaTurtleID2022_t004,0.011499684
14854,SeaTurtleID2022_t004,0.015211381
14855,SeaTurtleID2022_t023,0.36093423
14856,SeaTurtleID2022_t373,0.010409294
14857,SeaTurtleID2022_t171,0.08251441
14858,SeaTurtleID2022_t234,0.01237142
14859,SeaTurtleID2022_t175,0.0682084
14860,SeaTurtleID2022_t234,0.014282327
14861,SeaTurtleID2022_t028,0.03529103
14862,SeaTurtleID2022_t166,0.0116840815
14863,SeaTurtleID2022_t232,0.030616852
14864,SeaTurtleID2022_t004,0.014618735
14865,SeaTurtleID2022_t004,0.015868524
14866,SeaTurtleID2022_t234,0.017456159
14867,SeaTurtleID2022_t004,0.014370203
14868,SeaTurtleID2022_t141,0.083848424
14869,SeaTurtleID2022_t158,0.009450245
14870,SeaTurtleID2022_t004,0.012523202
14871,SeaTurtleID2022_t049,0.014359627
14872,LynxID2025_lynx_05,0.0118377935
14873,SeaTurtleID2022_t004,0.013883207
14874,SeaTurtleID2022_t204,0.06885809
14875,SeaTurtleID2022_t141,0.0969518
14876,SeaTurtleID2022_t004,0.0088311145
14877,SeaTurtleID2022_t004,0.010693761
14878,SeaTurtleID2022_t004,0.022685345
14879,SeaTurtleID2022_t004,0.012740249
14880,LynxID2025_lynx_45,0.007498949
14881,SeaTurtleID2022_t243,0.038250204
14882,SeaTurtleID2022_t234,0.014789153
14883,SeaTurtleID2022_t158,0.009083693
14884,SeaTurtleID2022_t004,0.010780394
14885,SeaTurtleID2022_t373,0.015140843
14886,SeaTurtleID2022_t234,0.018367535
14887,SeaTurtleID2022_t033,0.06614944
14888,SeaTurtleID2022_t004,0.027759464
14889,SeaTurtleID2022_t158,0.014176732
14890,LynxID2025_lynx_45,0.013026654
14891,SeaTurtleID2022_t238,0.11806661
14892,SeaTurtleID2022_t234,0.016070267
14893,SeaTurtleID2022_t158,0.0136771975
14894,SeaTurtleID2022_t004,0.02266869
14895,SeaTurtleID2022_t234,0.01667516
14896,SeaTurtleID2022_t004,0.014890948
14897,SeaTurtleID2022_t158,0.012292374
14898,SeaTurtleID2022_t373,0.015361662
14899,SeaTurtleID2022_t234,0.010470888
14900,SeaTurtleID2022_t004,0.013067447
14901,SeaTurtleID2022_t373,0.014186479
14902,SeaTurtleID2022_t234,0.011612203
14903,SeaTurtleID2022_t373,0.04135627
14904,SeaTurtleID2022_t004,0.010713512
14905,SeaTurtleID2022_t174,0.014984815
14906,SeaTurtleID2022_t234,0.022934612
14907,SeaTurtleID2022_t234,0.009382911
14908,SeaTurtleID2022_t158,0.015238049
14909,LynxID2025_lynx_05,0.009747839
14910,SeaTurtleID2022_t234,0.010837507
14911,SeaTurtleID2022_t234,0.017883237
14912,SeaTurtleID2022_t421,0.009889235
14913,SeaTurtleID2022_t373,0.013924995
14914,SeaTurtleID2022_t257,0.01311729
14915,SeaTurtleID2022_t035,0.009657649
14916,SeaTurtleID2022_t240,0.04265619
14917,SeaTurtleID2022_t029,0.041924223
14918,SeaTurtleID2022_t257,0.42300975
14919,SeaTurtleID2022_t234,0.010634743
14920,SeaTurtleID2022_t004,0.009588296
14921,SeaTurtleID2022_t234,0.6684843
14922,SeaTurtleID2022_t234,0.010512098
14923,SeaTurtleID2022_t004,0.014807778
14924,SeaTurtleID2022_t004,0.012600843
14925,SeaTurtleID2022_t158,0.015417671
14926,SeaTurtleID2022_t004,0.009843138
14927,SeaTurtleID2022_t141,0.019195346
14928,SeaTurtleID2022_t049,0.012318283
14929,SeaTurtleID2022_t004,0.013219454
14930,SeaTurtleID2022_t174,0.029798789
14931,SeaTurtleID2022_t396,0.015927067
14932,SeaTurtleID2022_t373,0.03492867
14933,SeaTurtleID2022_t234,0.012153027
14934,SeaTurtleID2022_t373,0.008952858
14935,SeaTurtleID2022_t204,0.024759907
14936,SeaTurtleID2022_t158,0.015145041
14937,SeaTurtleID2022_t234,0.014223855
14938,SeaTurtleID2022_t004,0.016307523
14939,SeaTurtleID2022_t029,0.06754356
14940,SeaTurtleID2022_t234,0.01697642
14941,SeaTurtleID2022_t158,0.022059673
14942,LynxID2025_lynx_06,0.011731167
14943,SeaTurtleID2022_t004,0.012199949
14944,SeaTurtleID2022_t033,0.04331347
14945,SeaTurtleID2022_t004,0.019025406
14946,SeaTurtleID2022_t004,0.02065032
14947,SeaTurtleID2022_t373,0.011155309
14948,SeaTurtleID2022_t234,0.010659571
14949,SeaTurtleID2022_t234,0.015082423
14950,SeaTurtleID2022_t004,0.011673382
14951,SeaTurtleID2022_t049,0.008407929
14952,SeaTurtleID2022_t234,0.009104197
14953,SeaTurtleID2022_t004,0.01365403
14954,SeaTurtleID2022_t158,0.013611551
14955,LynxID2025_lynx_45,0.014231318
14956,SeaTurtleID2022_t234,0.010798673
14957,SeaTurtleID2022_t234,0.011838239
14958,SeaTurtleID2022_t018,0.010829824
14959,SeaTurtleID2022_t234,0.0151763195
14960,SeaTurtleID2022_t035,0.18861122
14961,SeaTurtleID2022_t197,0.14985298
14962,SeaTurtleID2022_t004,0.012772061
14963,SeaTurtleID2022_t004,0.033042524
14964,SeaTurtleID2022_t257,0.02307896
14965,SeaTurtleID2022_t141,0.063185476
14966,SeaTurtleID2022_t234,0.013504589
14967,SeaTurtleID2022_t004,0.010293617
14968,SeaTurtleID2022_t254,0.009098675
14969,SeaTurtleID2022_t004,0.014410266
14970,SeaTurtleID2022_t232,0.051091455
14971,SeaTurtleID2022_t158,0.016226409
14972,SeaTurtleID2022_t234,0.010507652
14973,SeaTurtleID2022_t257,0.029278737
14974,SeaTurtleID2022_t234,0.009162617
14975,SeaTurtleID2022_t004,0.016509196
14976,SeaTurtleID2022_t023,0.27023697
14977,SeaTurtleID2022_t158,0.016809369
14978,SeaTurtleID2022_t373,0.013663537
14979,SeaTurtleID2022_t234,0.01187283
14980,SeaTurtleID2022_t004,0.009375678
14981,SeaTurtleID2022_t234,0.3809602
14982,SeaTurtleID2022_t004,0.011180118
14983,SeaTurtleID2022_t004,0.0110518215
14984,SeaTurtleID2022_t234,0.017542122
14985,SeaTurtleID2022_t234,0.019665368
14986,SeaTurtleID2022_t373,0.012069183
14987,SeaTurtleID2022_t158,0.0149932625
14988,SeaTurtleID2022_t234,0.13567625
14989,SeaTurtleID2022_t004,0.010573393
14990,SeaTurtleID2022_t243,0.032577317
14991,SeaTurtleID2022_t028,0.07652969
14992,LynxID2025_lynx_45,0.012681865
14993,SeaTurtleID2022_t065,0.02894172
14994,SeaTurtleID2022_t240,0.019972302
14995,SeaTurtleID2022_t004,0.041664023
14996,SeaTurtleID2022_t158,0.011752519
14997,SeaTurtleID2022_t234,0.0115319425
14998,SeaTurtleID2022_t234,0.016929174
14999,SeaTurtleID2022_t257,0.017907474
15000,SeaTurtleID2022_t234,0.01434924
15001,SeaTurtleID2022_t158,0.013906216
15002,SeaTurtleID2022_t158,0.023467578
15003,SeaTurtleID2022_t004,0.010879628
15004,LynxID2025_lynx_45,0.012604474
15005,SeaTurtleID2022_t021,0.017868739
15006,SeaTurtleID2022_t004,0.010401991
15007,SeaTurtleID2022_t035,0.76974875
15008,SeaTurtleID2022_t234,0.012201662
15009,SeaTurtleID2022_t171,0.046251573
15010,SeaTurtleID2022_t234,0.012771684
15011,SeaTurtleID2022_t234,0.014364565
15012,SeaTurtleID2022_t234,0.014268452
15013,SeaTurtleID2022_t158,0.010400329
15014,SeaTurtleID2022_t004,0.0124392165
15015,SeaTurtleID2022_t029,0.047289453
15016,SeaTurtleID2022_t174,0.023680745
15017,SeaTurtleID2022_t004,0.011519178
15018,SeaTurtleID2022_t234,0.010389457
15019,SeaTurtleID2022_t234,0.012909524
15020,SeaTurtleID2022_t234,0.008919804
15021,SeaTurtleID2022_t234,0.019432738
15022,SeaTurtleID2022_t004,0.013932144
15023,SeaTurtleID2022_t234,0.012231734
15024,SeaTurtleID2022_t234,0.010765102
15025,SeaTurtleID2022_t234,0.0123948315
15026,SeaTurtleID2022_t099,0.030019742
15027,SeaTurtleID2022_t234,0.011791628
15028,SeaTurtleID2022_t004,0.008403004
15029,SeaTurtleID2022_t234,0.014956108
15030,SeaTurtleID2022_t004,0.01302128
15031,SeaTurtleID2022_t234,0.026037874
15032,SeaTurtleID2022_t373,0.0147787975
15033,SeaTurtleID2022_t158,0.015523568
15034,SeaTurtleID2022_t234,0.011851744
15035,SeaTurtleID2022_t004,0.014080684
15036,SeaTurtleID2022_t033,0.15245816
15037,SeaTurtleID2022_t234,0.02509671
15038,SeaTurtleID2022_t004,0.010447699
15039,SeaTurtleID2022_t004,0.014461493
15040,SeaTurtleID2022_t234,0.0149573255
15041,SeaTurtleID2022_t257,0.017687656
15042,SeaTurtleID2022_t158,0.0088487575
15043,SeaTurtleID2022_t025,0.019377075
15044,SeaTurtleID2022_t028,0.03341149
15045,SeaTurtleID2022_t158,0.050067227
15046,SeaTurtleID2022_t175,0.015873298
15047,SeaTurtleID2022_t373,0.017905377
15048,SeaTurtleID2022_t035,0.010573352
15049,SeaTurtleID2022_t405,0.010484809
15050,SeaTurtleID2022_t141,0.01564985
15051,SeaTurtleID2022_t141,0.012542371
15052,SeaTurtleID2022_t004,0.011187257
15053,SeaTurtleID2022_t004,0.009792675
15054,SeaTurtleID2022_t099,0.012134282
15055,LynxID2025_lynx_45,0.010031808
15056,SeaTurtleID2022_t004,0.009302715
15057,SeaTurtleID2022_t257,0.35461506
15058,SeaTurtleID2022_t004,0.01449301
15059,SeaTurtleID2022_t004,0.013377372
15060,SeaTurtleID2022_t004,0.024109168
15061,SeaTurtleID2022_t004,0.009753956
15062,SeaTurtleID2022_t004,0.025468726
15063,SeaTurtleID2022_t234,0.014092557
15064,SeaTurtleID2022_t035,0.01169549
15065,SeaTurtleID2022_t373,0.010624797
15066,SeaTurtleID2022_t004,0.009999392
15067,SeaTurtleID2022_t234,0.012273428
15068,LynxID2025_lynx_45,0.013513346
15069,SeaTurtleID2022_t234,0.022443451
15070,SeaTurtleID2022_t033,0.010949046
15071,SeaTurtleID2022_t238,0.26597223
15072,SeaTurtleID2022_t158,0.030771224
15073,SeaTurtleID2022_t004,0.014869735
15074,SeaTurtleID2022_t004,0.014260398
15075,SeaTurtleID2022_t004,0.012835832
15076,SeaTurtleID2022_t004,0.014392591
15077,SeaTurtleID2022_t234,0.008719546
15078,SeaTurtleID2022_t004,0.012456683
15079,SeaTurtleID2022_t004,0.01726017
15080,SeaTurtleID2022_t004,0.011552387
15081,SeaTurtleID2022_t234,0.009093629
15082,SeaTurtleID2022_t266,0.024894055
15083,SeaTurtleID2022_t234,0.010247563
15084,SeaTurtleID2022_t234,0.011677094
15085,SeaTurtleID2022_t373,0.017745992
15086,SeaTurtleID2022_t004,0.009363632
15087,SeaTurtleID2022_t234,0.021204054
15088,SeaTurtleID2022_t004,0.012479447
15089,SeaTurtleID2022_t004,0.020325527
15090,SeaTurtleID2022_t234,0.011678008
15091,SeaTurtleID2022_t234,0.012017761
15092,SeaTurtleID2022_t004,0.021443682
15093,SeaTurtleID2022_t049,0.011391761
15094,SeaTurtleID2022_t296,0.019997183
15095,SeaTurtleID2022_t049,0.018120682
15096,SeaTurtleID2022_t004,0.0154030295
15097,SeaTurtleID2022_t004,0.01206057
15098,SeaTurtleID2022_t033,0.008485794
15099,SeaTurtleID2022_t004,0.03710891
15100,SeaTurtleID2022_t234,0.00993424
15101,SeaTurtleID2022_t037,0.11589431
15102,SeaTurtleID2022_t234,0.009753449
15103,SeaTurtleID2022_t234,0.010383869
15104,SeaTurtleID2022_t158,0.023154823
15105,SeaTurtleID2022_t234,0.0116738165
15106,SeaTurtleID2022_t230,0.05556214
15107,SeaTurtleID2022_t234,0.01827275
15108,SeaTurtleID2022_t049,0.010131835
15109,SeaTurtleID2022_t158,0.010956368
15110,SeaTurtleID2022_t234,0.015205928
15111,SeaTurtleID2022_t004,0.009026584
15112,SeaTurtleID2022_t077,0.022093358
15113,SeaTurtleID2022_t004,0.013226986
15114,SeaTurtleID2022_t043,0.018964887
15115,SeaTurtleID2022_t004,0.014072235
15116,SeaTurtleID2022_t004,0.010528344
15117,SeaTurtleID2022_t234,0.012735864
15118,SeaTurtleID2022_t373,0.011720681
15119,SeaTurtleID2022_t405,0.016576968
15120,SeaTurtleID2022_t033,0.0077970065
15121,SeaTurtleID2022_t158,0.014608728
15122,SeaTurtleID2022_t004,0.010443921
15123,SeaTurtleID2022_t004,0.014081857
15124,SeaTurtleID2022_t430,0.0077441134
15125,SeaTurtleID2022_t142,0.029204015
15126,SeaTurtleID2022_t004,0.01211575
15127,SeaTurtleID2022_t004,0.014997441
15128,SeaTurtleID2022_t035,0.023869181
15129,SeaTurtleID2022_t049,0.0118184425
15130,SeaTurtleID2022_t234,0.011077483
15131,SeaTurtleID2022_t004,0.013295474
15132,SeaTurtleID2022_t046,0.012362029
15133,SeaTurtleID2022_t158,0.013026481
15134,SeaTurtleID2022_t158,0.012024332
15135,SeaTurtleID2022_t234,0.01944053
15136,SeaTurtleID2022_t234,0.013869836
15137,SeaTurtleID2022_t067,0.018555751
15138,SeaTurtleID2022_t234,0.023011759
15139,LynxID2025_lynx_45,0.010654505
15140,SeaTurtleID2022_t035,0.03902594
15141,SeaTurtleID2022_t004,0.02734021
15142,SeaTurtleID2022_t234,0.011998197
15143,SeaTurtleID2022_t234,0.018172465
15144,LynxID2025_lynx_05,0.011156752
15145,SeaTurtleID2022_t373,0.01909795
15146,SeaTurtleID2022_t316,0.011716058
15147,SeaTurtleID2022_t373,0.010877987
15148,SeaTurtleID2022_t234,0.38480875
15149,SeaTurtleID2022_t141,0.018318696
15150,SeaTurtleID2022_t004,0.009812197
15151,SeaTurtleID2022_t234,0.011866586
15152,SeaTurtleID2022_t197,0.07625329
15153,SeaTurtleID2022_t234,0.012907799
15154,SeaTurtleID2022_t004,0.01512602
15155,SeaTurtleID2022_t234,0.011279151
15156,SeaTurtleID2022_t004,0.013056952
15157,SeaTurtleID2022_t234,0.013436441
15158,SeaTurtleID2022_t158,0.01251675
15159,LynxID2025_lynx_06,0.011040714
15160,SeaTurtleID2022_t175,0.070606336
15161,SeaTurtleID2022_t158,0.011932463
15162,SeaTurtleID2022_t373,0.012544477
15163,LynxID2025_lynx_45,0.009799479
15164,SeaTurtleID2022_t004,0.009974412
15165,SeaTurtleID2022_t234,0.013526867
15166,SeaTurtleID2022_t373,0.017834626
15167,SeaTurtleID2022_t158,0.012359742
15168,SeaTurtleID2022_t018,0.010112096
15169,SeaTurtleID2022_t234,0.017076975
15170,SeaTurtleID2022_t234,0.020392152
15171,SeaTurtleID2022_t373,0.010339823
15172,SeaTurtleID2022_t158,0.013772726
15173,SeaTurtleID2022_t035,0.6348465
15174,SeaTurtleID2022_t142,0.014303405
15175,SeaTurtleID2022_t018,0.008660617
15176,SeaTurtleID2022_t234,0.025881208
15177,SeaTurtleID2022_t065,0.02681418
15178,SeaTurtleID2022_t158,0.012659773
15179,SeaTurtleID2022_t035,0.011412376
15180,SeaTurtleID2022_t004,0.01068208
15181,SeaTurtleID2022_t234,0.01416807
15182,SeaTurtleID2022_t234,0.012805396
15183,SeaTurtleID2022_t234,0.01164227
15184,SeaTurtleID2022_t234,0.018097859
15185,SeaTurtleID2022_t373,0.027023684
15186,SeaTurtleID2022_t004,0.011008332
15187,SeaTurtleID2022_t158,0.009783409
15188,SeaTurtleID2022_t373,0.011120731
15189,SeaTurtleID2022_t004,0.014371422
15190,SeaTurtleID2022_t234,0.019864764
15191,SeaTurtleID2022_t234,0.012903357
15192,SeaTurtleID2022_t023,0.028718771
15193,SeaTurtleID2022_t158,0.012446967
15194,SeaTurtleID2022_t234,0.016650705
15195,SeaTurtleID2022_t004,0.011433809
15196,LynxID2025_lynx_05,0.009321884
15197,SeaTurtleID2022_t171,0.13820256
15198,SeaTurtleID2022_t099,0.03300143
15199,SeaTurtleID2022_t234,0.026225569
15200,SeaTurtleID2022_t004,0.011408988
15201,SeaTurtleID2022_t049,0.009420111
15202,SeaTurtleID2022_t234,0.01302358
15203,SeaTurtleID2022_t004,0.010007391
15204,SeaTurtleID2022_t234,0.010776403
15205,SeaTurtleID2022_t373,0.014966357
15206,SeaTurtleID2022_t004,0.015121118
15207,SeaTurtleID2022_t119,0.010519014
15208,SeaTurtleID2022_t238,0.29431134
